tensor,cmp,shape,bit_identical,fro,ref_norm,rel,top16_energy,rank99,stable_rank,eff_rank,captured,sv_top8
lm_head.weight,a_vs_c,"(152064, 3584)",True,0.0,252.6208953857422,0.0,nan,,nan,nan,nan,
lm_head.weight,b_vs_c,"(152064, 3584)",True,0.0,252.6208953857422,0.0,nan,,nan,nan,nan,
lm_head.weight,a_vs_b,"(152064, 3584)",True,0.0,252.6208953857422,0.0,nan,,nan,nan,nan,
model.embed_tokens.weight,a_vs_c,"(152064, 3584)",True,0.0,285.3244323730469,0.0,nan,,nan,nan,nan,
model.embed_tokens.weight,b_vs_c,"(152064, 3584)",True,0.0,285.3244323730469,0.0,nan,,nan,nan,nan,
model.embed_tokens.weight,a_vs_b,"(152064, 3584)",True,0.0,285.3244323730469,0.0,nan,,nan,nan,nan,
model.layers.0.input_layernorm.weight,a_vs_c,"(3584,)",True,0.0,17.0172061920166,0.0,nan,,nan,nan,nan,
model.layers.0.input_layernorm.weight,b_vs_c,"(3584,)",True,0.0,17.0172061920166,0.0,nan,,nan,nan,nan,
model.layers.0.input_layernorm.weight,a_vs_b,"(3584,)",True,0.0,17.0172061920166,0.0,nan,,nan,nan,nan,
model.layers.0.mlp.down_proj.weight,a_vs_c,"(3584, 18944)",True,0.0,114.60125732421875,0.0,nan,,nan,nan,nan,
model.layers.0.mlp.down_proj.weight,b_vs_c,"(3584, 18944)",True,0.0,114.60125732421875,0.0,nan,,nan,nan,nan,
model.layers.0.mlp.down_proj.weight,a_vs_b,"(3584, 18944)",True,0.0,114.60125732421875,0.0,nan,,nan,nan,nan,
model.layers.0.mlp.gate_proj.weight,a_vs_c,"(18944, 3584)",True,0.0,125.9569320678711,0.0,nan,,nan,nan,nan,
model.layers.0.mlp.gate_proj.weight,b_vs_c,"(18944, 3584)",True,0.0,125.9569320678711,0.0,nan,,nan,nan,nan,
model.layers.0.mlp.gate_proj.weight,a_vs_b,"(18944, 3584)",True,0.0,125.9569320678711,0.0,nan,,nan,nan,nan,
model.layers.0.mlp.up_proj.weight,a_vs_c,"(18944, 3584)",True,0.0,108.0264663696289,0.0,nan,,nan,nan,nan,
model.layers.0.mlp.up_proj.weight,b_vs_c,"(18944, 3584)",True,0.0,108.0264663696289,0.0,nan,,nan,nan,nan,
model.layers.0.mlp.up_proj.weight,a_vs_b,"(18944, 3584)",True,0.0,108.0264663696289,0.0,nan,,nan,nan,nan,
model.layers.0.post_attention_layernorm.weight,a_vs_c,"(3584,)",True,0.0,16.737714767456055,0.0,nan,,nan,nan,nan,
model.layers.0.post_attention_layernorm.weight,b_vs_c,"(3584,)",True,0.0,16.737714767456055,0.0,nan,,nan,nan,nan,
model.layers.0.post_attention_layernorm.weight,a_vs_b,"(3584,)",True,0.0,16.737714767456055,0.0,nan,,nan,nan,nan,
model.layers.0.self_attn.k_proj.bias,a_vs_c,"(512,)",True,0.0,604.6566162109375,0.0,nan,,nan,nan,nan,
model.layers.0.self_attn.k_proj.bias,b_vs_c,"(512,)",True,0.0,604.6566162109375,0.0,nan,,nan,nan,nan,
model.layers.0.self_attn.k_proj.bias,a_vs_b,"(512,)",True,0.0,604.6566162109375,0.0,nan,,nan,nan,nan,
model.layers.0.self_attn.k_proj.weight,a_vs_c,"(512, 3584)",False,1.2646507024765015,37.19898223876953,0.033996916753234636,0.9979174733161926,13,1.8358885049819946,13.377622604370117,0.9983490705490112,"[0.93336, 0.55005, 0.4957, 0.24849, 0.15514, 0.13893, 0.12364, 0.10261]"
model.layers.0.self_attn.k_proj.weight,b_vs_c,"(512, 3584)",False,1.414605736732483,37.19898223876953,0.038028076350383376,0.9983879327774048,12,1.8244438171386719,12.128005027770996,0.9987335205078125,"[1.0473, 0.76063, 0.40813, 0.22559, 0.15886, 0.13324, 0.10857, 0.10026]"
model.layers.0.self_attn.k_proj.weight,a_vs_b,"(512, 3584)",False,1.7261196374893188,37.19898223876953,0.04640233505341235,0.9874642491340637,18,2.6893701553344727,18.293317794799805,0.9983832836151123,"[1.05256, 0.84879, 0.63182, 0.51684, 0.43048, 0.29716, 0.1973, 0.17033]"
model.layers.0.self_attn.o_proj.weight,a_vs_c,"(3584, 3584)",False,3.366582155227661,44.56557846069336,0.07554220704656558,1.0004383325576782,13,1.4575090408325195,11.515334129333496,1.0004632472991943,"[2.78858, 1.04951, 0.97981, 0.59928, 0.52417, 0.40049, 0.38956, 0.35539]"
model.layers.0.self_attn.o_proj.weight,b_vs_c,"(3584, 3584)",False,3.2055697441101074,44.56557846069336,0.07192927489850504,1.000423789024353,13,1.333751916885376,11.267784118652344,1.0004510879516602,"[2.77567, 0.87514, 0.78483, 0.54302, 0.41183, 0.36421, 0.34137, 0.31042]"
model.layers.0.self_attn.o_proj.weight,a_vs_b,"(3584, 3584)",False,4.281073093414307,44.56557846069336,0.09606232525827516,0.98077392578125,20,2.5128722190856934,18.99436378479004,0.9998010993003845,"[2.70064, 2.48034, 1.06095, 0.97676, 0.6388, 0.62022, 0.55853, 0.53125]"
model.layers.0.self_attn.q_proj.bias,a_vs_c,"(3584,)",True,0.0,177.5105743408203,0.0,nan,,nan,nan,nan,
model.layers.0.self_attn.q_proj.bias,b_vs_c,"(3584,)",True,0.0,177.5105743408203,0.0,nan,,nan,nan,nan,
model.layers.0.self_attn.q_proj.bias,a_vs_b,"(3584,)",True,0.0,177.5105743408203,0.0,nan,,nan,nan,nan,
model.layers.0.self_attn.q_proj.weight,a_vs_c,"(3584, 3584)",False,2.5580811500549316,74.50946044921875,0.034332300014417214,0.9998434782028198,15,2.7494733333587646,16.33791160583496,1.0001881122589111,"[1.54273, 0.9495, 0.89417, 0.78769, 0.65755, 0.53364, 0.47181, 0.42852]"
model.layers.0.self_attn.q_proj.weight,b_vs_c,"(3584, 3584)",False,2.4190688133239746,74.50946044921875,0.03246659952627987,0.9996983408927917,15,3.599337577819824,16.91969871520996,1.000080943107605,"[1.27508, 1.02289, 0.78247, 0.77966, 0.66846, 0.56859, 0.45075, 0.41696]"
model.layers.0.self_attn.q_proj.weight,a_vs_b,"(3584, 3584)",False,3.179680109024048,74.50946044921875,0.04267485081563743,0.9323562979698181,24,4.7816314697265625,27.155529022216797,0.9997116327285767,"[1.4541, 1.15049, 1.01432, 0.88692, 0.84914, 0.79849, 0.70363, 0.66328]"
model.layers.0.self_attn.v_proj.bias,a_vs_c,"(512,)",True,0.0,4.333022117614746,0.0,nan,,nan,nan,nan,
model.layers.0.self_attn.v_proj.bias,b_vs_c,"(512,)",True,0.0,4.333022117614746,0.0,nan,,nan,nan,nan,
model.layers.0.self_attn.v_proj.bias,a_vs_b,"(512,)",True,0.0,4.333022117614746,0.0,nan,,nan,nan,nan,
model.layers.0.self_attn.v_proj.weight,a_vs_c,"(512, 3584)",False,1.2231740951538086,12.190473556518555,0.1003385216729129,1.000034213066101,14,2.5603296756744385,14.298680305480957,1.000075101852417,"[0.76443, 0.46054, 0.41237, 0.35279, 0.3119, 0.25082, 0.24535, 0.21073]"
model.layers.0.self_attn.v_proj.weight,b_vs_c,"(512, 3584)",False,1.1640868186950684,12.190473556518555,0.09549151747863,1.0000309944152832,15,2.330268383026123,13.906712532043457,1.0000760555267334,"[0.76257, 0.43287, 0.40987, 0.36179, 0.26473, 0.21967, 0.20176, 0.15282]"
model.layers.0.self_attn.v_proj.weight,a_vs_b,"(512, 3584)",False,1.591719150543213,12.190473556518555,0.13057073978000472,0.9437404870986938,24,4.721151828765869,24.709184646606445,0.9999806880950928,"[0.73256, 0.72363, 0.47016, 0.45506, 0.41718, 0.38488, 0.32589, 0.29358]"
model.layers.1.input_layernorm.weight,a_vs_c,"(3584,)",True,0.0,12.363101959228516,0.0,nan,,nan,nan,nan,
model.layers.1.input_layernorm.weight,b_vs_c,"(3584,)",True,0.0,12.363101959228516,0.0,nan,,nan,nan,nan,
model.layers.1.input_layernorm.weight,a_vs_b,"(3584,)",True,0.0,12.363101959228516,0.0,nan,,nan,nan,nan,
model.layers.1.mlp.down_proj.weight,a_vs_c,"(3584, 18944)",True,0.0,100.82929229736328,0.0,nan,,nan,nan,nan,
model.layers.1.mlp.down_proj.weight,b_vs_c,"(3584, 18944)",True,0.0,100.82929229736328,0.0,nan,,nan,nan,nan,
model.layers.1.mlp.down_proj.weight,a_vs_b,"(3584, 18944)",True,0.0,100.82929229736328,0.0,nan,,nan,nan,nan,
model.layers.1.mlp.gate_proj.weight,a_vs_c,"(18944, 3584)",True,0.0,122.61356353759766,0.0,nan,,nan,nan,nan,
model.layers.1.mlp.gate_proj.weight,b_vs_c,"(18944, 3584)",True,0.0,122.61356353759766,0.0,nan,,nan,nan,nan,
model.layers.1.mlp.gate_proj.weight,a_vs_b,"(18944, 3584)",True,0.0,122.61356353759766,0.0,nan,,nan,nan,nan,
model.layers.1.mlp.up_proj.weight,a_vs_c,"(18944, 3584)",True,0.0,100.75936889648438,0.0,nan,,nan,nan,nan,
model.layers.1.mlp.up_proj.weight,b_vs_c,"(18944, 3584)",True,0.0,100.75936889648438,0.0,nan,,nan,nan,nan,
model.layers.1.mlp.up_proj.weight,a_vs_b,"(18944, 3584)",True,0.0,100.75936889648438,0.0,nan,,nan,nan,nan,
model.layers.1.post_attention_layernorm.weight,a_vs_c,"(3584,)",True,0.0,46.6443977355957,0.0,nan,,nan,nan,nan,
model.layers.1.post_attention_layernorm.weight,b_vs_c,"(3584,)",True,0.0,46.6443977355957,0.0,nan,,nan,nan,nan,
model.layers.1.post_attention_layernorm.weight,a_vs_b,"(3584,)",True,0.0,46.6443977355957,0.0,nan,,nan,nan,nan,
model.layers.1.self_attn.k_proj.bias,a_vs_c,"(512,)",True,0.0,158.273681640625,0.0,nan,,nan,nan,nan,
model.layers.1.self_attn.k_proj.bias,b_vs_c,"(512,)",True,0.0,158.273681640625,0.0,nan,,nan,nan,nan,
model.layers.1.self_attn.k_proj.bias,a_vs_b,"(512,)",True,0.0,158.273681640625,0.0,nan,,nan,nan,nan,
model.layers.1.self_attn.k_proj.weight,a_vs_c,"(512, 3584)",False,1.286564588546753,29.88985252380371,0.04304352413656633,0.9987304210662842,11,1.8643569946289062,12.58021068572998,0.9990487694740295,"[0.94225, 0.64529, 0.34689, 0.30487, 0.21483, 0.16978, 0.11667, 0.11286]"
model.layers.1.self_attn.k_proj.weight,b_vs_c,"(512, 3584)",False,1.2162264585494995,29.88985252380371,0.04069027967203652,0.9985772371292114,11,2.2102537155151367,12.65152645111084,0.9989305138587952,"[0.81808, 0.65683, 0.39834, 0.30781, 0.20665, 0.16867, 0.12292, 0.10444]"
model.layers.1.self_attn.k_proj.weight,a_vs_b,"(512, 3584)",False,1.5162643194198608,29.88985252380371,0.05072839747912228,0.9885988235473633,17,2.8306710720062256,19.319416046142578,0.9986057281494141,"[0.90122, 0.68704, 0.59702, 0.44859, 0.30044, 0.29152, 0.2458, 0.23858]"
model.layers.1.self_attn.o_proj.weight,a_vs_c,"(3584, 3584)",False,2.9144363403320312,51.73581314086914,0.05633305370878085,1.0004016160964966,13,2.0011565685272217,12.78261661529541,1.0004446506500244,"[2.06022, 1.16448, 0.97303, 0.73891, 0.59807, 0.51113, 0.46858, 0.40801]"
model.layers.1.self_attn.o_proj.weight,b_vs_c,"(3584, 3584)",False,3.2091054916381836,51.73581314086914,0.06202870500750134,1.0007085800170898,12,1.4258341789245605,11.380593299865723,1.0007437467575073,"[2.68751, 0.91947, 0.88728, 0.71138, 0.4929, 0.40038, 0.35347, 0.28704]"
model.layers.1.self_attn.o_proj.weight,a_vs_b,"(3584, 3584)",False,3.76527738571167,51.73581314086914,0.07277893507654676,0.977916419506073,20,2.2465908527374268,20.381019592285156,1.0001919269561768,"[2.51209, 1.53731, 1.0875, 0.96671, 0.76261, 0.73279, 0.65979, 0.58713]"
model.layers.1.self_attn.q_proj.bias,a_vs_c,"(3584,)",True,0.0,57.64816665649414,0.0,nan,,nan,nan,nan,
model.layers.1.self_attn.q_proj.bias,b_vs_c,"(3584,)",True,0.0,57.64816665649414,0.0,nan,,nan,nan,nan,
model.layers.1.self_attn.q_proj.bias,a_vs_b,"(3584,)",True,0.0,57.64816665649414,0.0,nan,,nan,nan,nan,
model.layers.1.self_attn.q_proj.weight,a_vs_c,"(3584, 3584)",False,3.5820930004119873,56.71851348876953,0.06315562203726045,1.0008784532546997,10,1.4638142585754395,9.938459396362305,1.0009289979934692,"[2.9607, 1.47176, 0.9026, 0.75008, 0.37488, 0.26371, 0.24498, 0.22492]"
model.layers.1.self_attn.q_proj.weight,b_vs_c,"(3584, 3584)",False,3.5668323040008545,56.71851348876953,0.06288656180502862,1.0010347366333008,9,1.4399105310440063,9.643959045410156,1.0010859966278076,"[2.97245, 1.31648, 1.10972, 0.69854, 0.30676, 0.28375, 0.23343, 0.21221]"
model.layers.1.self_attn.q_proj.weight,a_vs_b,"(3584, 3584)",False,4.52946138381958,56.71851348876953,0.07985860533380215,0.9937934279441833,14,2.455695152282715,15.510516166687012,0.999972403049469,"[2.89041, 2.562, 1.24357, 1.08582, 0.96465, 0.75071, 0.66206, 0.54105]"
model.layers.1.self_attn.v_proj.bias,a_vs_c,"(512,)",True,0.0,2.000793933868408,0.0,nan,,nan,nan,nan,
model.layers.1.self_attn.v_proj.bias,b_vs_c,"(512,)",True,0.0,2.000793933868408,0.0,nan,,nan,nan,nan,
model.layers.1.self_attn.v_proj.bias,a_vs_b,"(512,)",True,0.0,2.000793933868408,0.0,nan,,nan,nan,nan,
model.layers.1.self_attn.v_proj.weight,a_vs_c,"(512, 3584)",False,0.8387853503227234,18.311481475830078,0.045806525890865986,0.9990861415863037,11,2.0274946689605713,11.35428237915039,0.9992823600769043,"[0.58908, 0.50688, 0.22458, 0.10524, 0.08934, 0.08083, 0.06791, 0.06248]"
model.layers.1.self_attn.v_proj.weight,b_vs_c,"(512, 3584)",False,0.799282431602478,18.311481475830078,0.043649249934117944,0.9989016056060791,13,2.0307393074035645,12.594529151916504,0.9991167187690735,"[0.56088, 0.45861, 0.1889, 0.14609, 0.1161, 0.09951, 0.09007, 0.0745]"
model.layers.1.self_attn.v_proj.weight,a_vs_b,"(512, 3584)",False,1.0115827322006226,18.311481475830078,0.05524308524877376,0.987909197807312,17,3.722193717956543,18.339092254638672,0.9988281726837158,"[0.52433, 0.47406, 0.45618, 0.40614, 0.20645, 0.16554, 0.11627, 0.10637]"
model.layers.10.input_layernorm.weight,a_vs_c,"(3584,)",True,0.0,42.24624252319336,0.0,nan,,nan,nan,nan,
model.layers.10.input_layernorm.weight,b_vs_c,"(3584,)",True,0.0,42.24624252319336,0.0,nan,,nan,nan,nan,
model.layers.10.input_layernorm.weight,a_vs_b,"(3584,)",True,0.0,42.24624252319336,0.0,nan,,nan,nan,nan,
model.layers.10.mlp.down_proj.weight,a_vs_c,"(3584, 18944)",True,0.0,131.48724365234375,0.0,nan,,nan,nan,nan,
model.layers.10.mlp.down_proj.weight,b_vs_c,"(3584, 18944)",True,0.0,131.48724365234375,0.0,nan,,nan,nan,nan,
model.layers.10.mlp.down_proj.weight,a_vs_b,"(3584, 18944)",True,0.0,131.48724365234375,0.0,nan,,nan,nan,nan,
model.layers.10.mlp.gate_proj.weight,a_vs_c,"(18944, 3584)",True,0.0,140.71839904785156,0.0,nan,,nan,nan,nan,
model.layers.10.mlp.gate_proj.weight,b_vs_c,"(18944, 3584)",True,0.0,140.71839904785156,0.0,nan,,nan,nan,nan,
model.layers.10.mlp.gate_proj.weight,a_vs_b,"(18944, 3584)",True,0.0,140.71839904785156,0.0,nan,,nan,nan,nan,
model.layers.10.mlp.up_proj.weight,a_vs_c,"(18944, 3584)",True,0.0,132.2545928955078,0.0,nan,,nan,nan,nan,
model.layers.10.mlp.up_proj.weight,b_vs_c,"(18944, 3584)",True,0.0,132.2545928955078,0.0,nan,,nan,nan,nan,
model.layers.10.mlp.up_proj.weight,a_vs_b,"(18944, 3584)",True,0.0,132.2545928955078,0.0,nan,,nan,nan,nan,
model.layers.10.post_attention_layernorm.weight,a_vs_c,"(3584,)",True,0.0,49.37974548339844,0.0,nan,,nan,nan,nan,
model.layers.10.post_attention_layernorm.weight,b_vs_c,"(3584,)",True,0.0,49.37974548339844,0.0,nan,,nan,nan,nan,
model.layers.10.post_attention_layernorm.weight,a_vs_b,"(3584,)",True,0.0,49.37974548339844,0.0,nan,,nan,nan,nan,
model.layers.10.self_attn.k_proj.bias,a_vs_c,"(512,)",True,0.0,16.832687377929688,0.0,nan,,nan,nan,nan,
model.layers.10.self_attn.k_proj.bias,b_vs_c,"(512,)",True,0.0,16.832687377929688,0.0,nan,,nan,nan,nan,
model.layers.10.self_attn.k_proj.bias,a_vs_b,"(512,)",True,0.0,16.832687377929688,0.0,nan,,nan,nan,nan,
model.layers.10.self_attn.k_proj.weight,a_vs_c,"(512, 3584)",False,1.1017221212387085,27.07599639892578,0.04068999363888298,0.9987327456474304,14,2.21858811378479,14.624960899353027,0.9990294575691223,"[0.73966, 0.43969, 0.35938, 0.32427, 0.30813, 0.19201, 0.16148, 0.13992]"
model.layers.10.self_attn.k_proj.weight,b_vs_c,"(512, 3584)",False,1.1613178253173828,27.07599639892578,0.042891046674960305,0.9988733530044556,13,1.9002912044525146,13.772764205932617,0.9991412162780762,"[0.84244, 0.4937, 0.36476, 0.29665, 0.22525, 0.16688, 0.15953, 0.13179]"
model.layers.10.self_attn.k_proj.weight,a_vs_b,"(512, 3584)",False,1.5027652978897095,27.07599639892578,0.05550175423827913,0.9771217703819275,20,3.197690486907959,21.812803268432617,0.9988776445388794,"[0.84037, 0.66536, 0.50183, 0.44565, 0.37481, 0.31573, 0.28659, 0.24624]"
model.layers.10.self_attn.o_proj.weight,a_vs_c,"(3584, 3584)",False,3.7180726528167725,57.00468444824219,0.06522398446381408,1.0009080171585083,9,1.4041935205459595,9.211270332336426,1.0009400844573975,"[3.13765, 1.57152, 0.79073, 0.57428, 0.45086, 0.28217, 0.25247, 0.20855]"
model.layers.10.self_attn.o_proj.weight,b_vs_c,"(3584, 3584)",False,3.804608106613159,57.00468444824219,0.06674202556226025,1.0010554790496826,7,1.286361813545227,7.810885906219482,1.0010862350463867,"[3.3545, 1.54763, 0.59569, 0.43732, 0.26312, 0.2475, 0.18876, 0.18033]"
model.layers.10.self_attn.o_proj.weight,a_vs_b,"(3584, 3584)",False,4.957605838775635,57.00468444824219,0.08696839368134611,0.9948914647102356,13,2.304198741912842,14.099255561828613,0.9995153546333313,"[3.26597, 2.82012, 1.52931, 1.29393, 0.72714, 0.63487, 0.48769, 0.4402]"
model.layers.10.self_attn.q_proj.bias,a_vs_c,"(3584,)",True,0.0,107.61357879638672,0.0,nan,,nan,nan,nan,
model.layers.10.self_attn.q_proj.bias,b_vs_c,"(3584,)",True,0.0,107.61357879638672,0.0,nan,,nan,nan,nan,
model.layers.10.self_attn.q_proj.bias,a_vs_b,"(3584,)",True,0.0,107.61357879638672,0.0,nan,,nan,nan,nan,
model.layers.10.self_attn.q_proj.weight,a_vs_c,"(3584, 3584)",False,3.559420585632324,63.446022033691406,0.05610155643394292,1.0010069608688354,13,1.7551710605621338,12.527078628540039,1.001052975654602,"[2.6867, 1.35261, 1.04166, 0.86062, 0.68352, 0.59115, 0.5043, 0.39165]"
model.layers.10.self_attn.q_proj.weight,b_vs_c,"(3584, 3584)",False,3.8311877250671387,63.446022033691406,0.060384995028256984,1.0009547472000122,12,1.567731499671936,11.32120132446289,1.0009945631027222,"[3.05983, 1.52783, 1.04921, 0.73335, 0.54915, 0.51624, 0.43235, 0.41584]"
model.layers.10.self_attn.q_proj.weight,a_vs_b,"(3584, 3584)",False,4.890472888946533,63.446022033691406,0.07708084340338266,0.9771710634231567,20,2.5825610160827637,20.391563415527344,0.999522864818573,"[3.04317, 2.35182, 1.47308, 1.21154, 1.05045, 0.91514, 0.7768, 0.7028]"
model.layers.10.self_attn.v_proj.bias,a_vs_c,"(512,)",True,0.0,2.317438840866089,0.0,nan,,nan,nan,nan,
model.layers.10.self_attn.v_proj.bias,b_vs_c,"(512,)",True,0.0,2.317438840866089,0.0,nan,,nan,nan,nan,
model.layers.10.self_attn.v_proj.bias,a_vs_b,"(512,)",True,0.0,2.317438840866089,0.0,nan,,nan,nan,nan,
model.layers.10.self_attn.v_proj.weight,a_vs_c,"(512, 3584)",False,1.3325618505477905,22.328857421875,0.059678909017633584,0.9995424151420593,10,1.3285702466964722,10.319680213928223,0.9996597766876221,"[1.1561, 0.44532, 0.30366, 0.25286, 0.16893, 0.11796, 0.10866, 0.08212]"
model.layers.10.self_attn.v_proj.weight,b_vs_c,"(512, 3584)",False,1.2659918069839478,22.328857421875,0.05669756329509671,0.999483585357666,9,1.4451931715011597,10.430863380432129,0.9996131658554077,"[1.0531, 0.45444, 0.38545, 0.25631, 0.16212, 0.10207, 0.09914, 0.07599]"
model.layers.10.self_attn.v_proj.weight,a_vs_b,"(512, 3584)",False,1.6248455047607422,22.328857421875,0.07276886022698696,0.9917334914207458,15,2.351912021636963,16.841251373291016,0.999502420425415,"[1.0595, 0.86314, 0.45827, 0.40724, 0.35203, 0.28218, 0.22481, 0.18268]"
model.layers.11.input_layernorm.weight,a_vs_c,"(3584,)",True,0.0,47.12969970703125,0.0,nan,,nan,nan,nan,
model.layers.11.input_layernorm.weight,b_vs_c,"(3584,)",True,0.0,47.12969970703125,0.0,nan,,nan,nan,nan,
model.layers.11.input_layernorm.weight,a_vs_b,"(3584,)",True,0.0,47.12969970703125,0.0,nan,,nan,nan,nan,
model.layers.11.mlp.down_proj.weight,a_vs_c,"(3584, 18944)",True,0.0,133.16676330566406,0.0,nan,,nan,nan,nan,
model.layers.11.mlp.down_proj.weight,b_vs_c,"(3584, 18944)",True,0.0,133.16676330566406,0.0,nan,,nan,nan,nan,
model.layers.11.mlp.down_proj.weight,a_vs_b,"(3584, 18944)",True,0.0,133.16676330566406,0.0,nan,,nan,nan,nan,
model.layers.11.mlp.gate_proj.weight,a_vs_c,"(18944, 3584)",True,0.0,137.9629364013672,0.0,nan,,nan,nan,nan,
model.layers.11.mlp.gate_proj.weight,b_vs_c,"(18944, 3584)",True,0.0,137.9629364013672,0.0,nan,,nan,nan,nan,
model.layers.11.mlp.gate_proj.weight,a_vs_b,"(18944, 3584)",True,0.0,137.9629364013672,0.0,nan,,nan,nan,nan,
model.layers.11.mlp.up_proj.weight,a_vs_c,"(18944, 3584)",True,0.0,134.524169921875,0.0,nan,,nan,nan,nan,
model.layers.11.mlp.up_proj.weight,b_vs_c,"(18944, 3584)",True,0.0,134.524169921875,0.0,nan,,nan,nan,nan,
model.layers.11.mlp.up_proj.weight,a_vs_b,"(18944, 3584)",True,0.0,134.524169921875,0.0,nan,,nan,nan,nan,
model.layers.11.post_attention_layernorm.weight,a_vs_c,"(3584,)",True,0.0,49.879119873046875,0.0,nan,,nan,nan,nan,
model.layers.11.post_attention_layernorm.weight,b_vs_c,"(3584,)",True,0.0,49.879119873046875,0.0,nan,,nan,nan,nan,
model.layers.11.post_attention_layernorm.weight,a_vs_b,"(3584,)",True,0.0,49.879119873046875,0.0,nan,,nan,nan,nan,
model.layers.11.self_attn.k_proj.bias,a_vs_c,"(512,)",True,0.0,14.667559623718262,0.0,nan,,nan,nan,nan,
model.layers.11.self_attn.k_proj.bias,b_vs_c,"(512,)",True,0.0,14.667559623718262,0.0,nan,,nan,nan,nan,
model.layers.11.self_attn.k_proj.bias,a_vs_b,"(512,)",True,0.0,14.667559623718262,0.0,nan,,nan,nan,nan,
model.layers.11.self_attn.k_proj.weight,a_vs_c,"(512, 3584)",False,1.248123288154602,28.02546501159668,0.04453532841072004,0.9989333152770996,13,1.695617437362671,13.35148811340332,0.9992152452468872,"[0.9585, 0.52227, 0.3707, 0.28492, 0.18335, 0.1546, 0.12638, 0.12319]"
model.layers.11.self_attn.k_proj.weight,b_vs_c,"(512, 3584)",False,1.2244975566864014,28.02546501159668,0.04369231897417993,0.9989044070243835,12,1.5692472457885742,12.779621124267578,0.9992008805274963,"[0.97749, 0.51869, 0.31778, 0.22616, 0.17503, 0.13982, 0.12353, 0.11066]"
model.layers.11.self_attn.k_proj.weight,a_vs_b,"(512, 3584)",False,1.6236703395843506,28.02546501159668,0.05793553608878535,0.9830986857414246,19,3.164226770401001,19.742521286010742,0.9991248250007629,"[0.91278, 0.88445, 0.5269, 0.48193, 0.36038, 0.27488, 0.26009, 0.22085]"
model.layers.11.self_attn.o_proj.weight,a_vs_c,"(3584, 3584)",False,3.6396217346191406,55.2630500793457,0.06585995035368906,1.0007684230804443,11,2.1140806674957275,11.805220603942871,1.000800609588623,"[2.5032, 1.52847, 1.27517, 1.08551, 0.79132, 0.61859, 0.45743, 0.43234]"
model.layers.11.self_attn.o_proj.weight,b_vs_c,"(3584, 3584)",False,3.5282881259918213,55.2630500793457,0.06384533826717795,1.000800371170044,11,2.141986608505249,11.051473617553711,1.0008342266082764,"[2.41077, 1.84491, 1.15992, 0.81576, 0.68956, 0.4773, 0.39346, 0.31963]"
model.layers.11.self_attn.o_proj.weight,a_vs_b,"(3584, 3584)",False,4.690482139587402,55.2630500793457,0.08487555668485347,0.9810409545898438,19,3.5622291564941406,20.04263687133789,0.9994876384735107,"[2.48517, 2.23597, 1.67851, 1.26666, 1.256, 1.12359, 0.85668, 0.75784]"
model.layers.11.self_attn.q_proj.bias,a_vs_c,"(3584,)",True,0.0,114.61936950683594,0.0,nan,,nan,nan,nan,
model.layers.11.self_attn.q_proj.bias,b_vs_c,"(3584,)",True,0.0,114.61936950683594,0.0,nan,,nan,nan,nan,
model.layers.11.self_attn.q_proj.bias,a_vs_b,"(3584,)",True,0.0,114.61936950683594,0.0,nan,,nan,nan,nan,
model.layers.11.self_attn.q_proj.weight,a_vs_c,"(3584, 3584)",False,3.3901073932647705,64.20941925048828,0.05279766477936164,1.0010045766830444,13,2.1181511878967285,12.559765815734863,1.0010548830032349,"[2.32935, 1.75961, 0.96072, 0.75405, 0.58807, 0.49799, 0.44549, 0.40191]"
model.layers.11.self_attn.q_proj.weight,b_vs_c,"(3584, 3584)",False,3.4725944995880127,64.20941925048828,0.05408232219078364,1.0010441541671753,13,1.695945143699646,11.919328689575195,1.0010920763015747,"[2.66654, 1.61929, 0.77505, 0.67525, 0.55098, 0.5132, 0.37075, 0.34479]"
model.layers.11.self_attn.q_proj.weight,a_vs_b,"(3584, 3584)",False,4.428549289703369,64.20941925048828,0.06897039938061256,0.9721676111221313,21,3.388338327407837,21.306190490722656,0.999761164188385,"[2.40585, 2.00116, 1.84503, 1.37424, 0.88395, 0.82943, 0.70723, 0.61843]"
model.layers.11.self_attn.v_proj.bias,a_vs_c,"(512,)",True,0.0,1.653372883796692,0.0,nan,,nan,nan,nan,
model.layers.11.self_attn.v_proj.bias,b_vs_c,"(512,)",True,0.0,1.653372883796692,0.0,nan,,nan,nan,nan,
model.layers.11.self_attn.v_proj.bias,a_vs_b,"(512,)",True,0.0,1.653372883796692,0.0,nan,,nan,nan,nan,
model.layers.11.self_attn.v_proj.weight,a_vs_c,"(512, 3584)",False,1.1109105348587036,19.79438018798828,0.05612252186268664,0.9995197057723999,12,2.1779837608337402,12.157140731811523,0.99964839220047,"[0.75275, 0.52825, 0.41696, 0.28281, 0.23191, 0.15187, 0.1322, 0.10069]"
model.layers.11.self_attn.v_proj.weight,b_vs_c,"(512, 3584)",False,1.0834606885910034,19.79438018798828,0.05473577239101804,0.9994880557060242,11,1.640291452407837,11.789764404296875,0.9996234774589539,"[0.84597, 0.41496, 0.33219, 0.26038, 0.204, 0.1555, 0.09829, 0.08186]"
model.layers.11.self_attn.v_proj.weight,a_vs_b,"(512, 3584)",False,1.4207608699798584,19.79438018798828,0.07177597158823953,0.985456645488739,18,3.3030576705932617,19.57561492919922,0.9993836879730225,"[0.78174, 0.68556, 0.51285, 0.41605, 0.3236, 0.31044, 0.2781, 0.2347]"
model.layers.12.input_layernorm.weight,a_vs_c,"(3584,)",True,0.0,54.82129669189453,0.0,nan,,nan,nan,nan,
model.layers.12.input_layernorm.weight,b_vs_c,"(3584,)",True,0.0,54.82129669189453,0.0,nan,,nan,nan,nan,
model.layers.12.input_layernorm.weight,a_vs_b,"(3584,)",True,0.0,54.82129669189453,0.0,nan,,nan,nan,nan,
model.layers.12.mlp.down_proj.weight,a_vs_c,"(3584, 18944)",True,0.0,134.86900329589844,0.0,nan,,nan,nan,nan,
model.layers.12.mlp.down_proj.weight,b_vs_c,"(3584, 18944)",True,0.0,134.86900329589844,0.0,nan,,nan,nan,nan,
model.layers.12.mlp.down_proj.weight,a_vs_b,"(3584, 18944)",True,0.0,134.86900329589844,0.0,nan,,nan,nan,nan,
model.layers.12.mlp.gate_proj.weight,a_vs_c,"(18944, 3584)",True,0.0,135.5494384765625,0.0,nan,,nan,nan,nan,
model.layers.12.mlp.gate_proj.weight,b_vs_c,"(18944, 3584)",True,0.0,135.5494384765625,0.0,nan,,nan,nan,nan,
model.layers.12.mlp.gate_proj.weight,a_vs_b,"(18944, 3584)",True,0.0,135.5494384765625,0.0,nan,,nan,nan,nan,
model.layers.12.mlp.up_proj.weight,a_vs_c,"(18944, 3584)",True,0.0,135.9744873046875,0.0,nan,,nan,nan,nan,
model.layers.12.mlp.up_proj.weight,b_vs_c,"(18944, 3584)",True,0.0,135.9744873046875,0.0,nan,,nan,nan,nan,
model.layers.12.mlp.up_proj.weight,a_vs_b,"(18944, 3584)",True,0.0,135.9744873046875,0.0,nan,,nan,nan,nan,
model.layers.12.post_attention_layernorm.weight,a_vs_c,"(3584,)",True,0.0,49.13087463378906,0.0,nan,,nan,nan,nan,
model.layers.12.post_attention_layernorm.weight,b_vs_c,"(3584,)",True,0.0,49.13087463378906,0.0,nan,,nan,nan,nan,
model.layers.12.post_attention_layernorm.weight,a_vs_b,"(3584,)",True,0.0,49.13087463378906,0.0,nan,,nan,nan,nan,
model.layers.12.self_attn.k_proj.bias,a_vs_c,"(512,)",True,0.0,25.71873664855957,0.0,nan,,nan,nan,nan,
model.layers.12.self_attn.k_proj.bias,b_vs_c,"(512,)",True,0.0,25.71873664855957,0.0,nan,,nan,nan,nan,
model.layers.12.self_attn.k_proj.bias,a_vs_b,"(512,)",True,0.0,25.71873664855957,0.0,nan,,nan,nan,nan,
model.layers.12.self_attn.k_proj.weight,a_vs_c,"(512, 3584)",False,1.229978322982788,26.824262619018555,0.045853201650013914,0.9990245699882507,13,1.9918698072433472,13.73680305480957,0.999295175075531,"[0.8715, 0.57415, 0.39371, 0.2893, 0.22054, 0.18975, 0.14664, 0.13617]"
model.layers.12.self_attn.k_proj.weight,b_vs_c,"(512, 3584)",False,1.2284047603607178,26.824262619018555,0.04579453973470166,0.999026894569397,13,2.111710786819458,13.20921516418457,0.9992954134941101,"[0.84533, 0.62903, 0.37252, 0.3466, 0.17748, 0.1574, 0.14022, 0.11377]"
model.layers.12.self_attn.k_proj.weight,a_vs_b,"(512, 3584)",False,1.631400227546692,26.824262619018555,0.06081808289447703,0.9810509085655212,19,3.7149908542633057,20.63503074645996,0.999197781085968,"[0.84641, 0.79414, 0.6178, 0.51941, 0.38298, 0.37585, 0.30275, 0.23702]"
model.layers.12.self_attn.o_proj.weight,a_vs_c,"(3584, 3584)",False,3.477269411087036,55.58864974975586,0.06255358650984877,1.000795602798462,12,1.9606035947799683,12.154465675354004,1.0008317232131958,"[2.48338, 1.43209, 1.06762, 0.84348, 0.83215, 0.66122, 0.54387, 0.44364]"
model.layers.12.self_attn.o_proj.weight,b_vs_c,"(3584, 3584)",False,3.2172396183013916,55.58864974975586,0.057875836754166195,1.0007301568984985,12,2.38946270942688,11.888002395629883,1.0007715225219727,"[2.08129, 1.75734, 0.96724, 0.85101, 0.62842, 0.51941, 0.42699, 0.33734]"
model.layers.12.self_attn.o_proj.weight,a_vs_b,"(3584, 3584)",False,4.412064552307129,55.58864974975586,0.0793698816605364,0.9772965908050537,20,3.5127995014190674,21.01073455810547,0.999729573726654,"[2.35405, 1.8929, 1.72516, 1.31966, 1.04331, 0.92133, 0.85312, 0.74578]"
model.layers.12.self_attn.q_proj.bias,a_vs_c,"(3584,)",True,0.0,88.08363342285156,0.0,nan,,nan,nan,nan,
model.layers.12.self_attn.q_proj.bias,b_vs_c,"(3584,)",True,0.0,88.08363342285156,0.0,nan,,nan,nan,nan,
model.layers.12.self_attn.q_proj.bias,a_vs_b,"(3584,)",True,0.0,88.08363342285156,0.0,nan,,nan,nan,nan,
model.layers.12.self_attn.q_proj.weight,a_vs_c,"(3584, 3584)",False,3.471912384033203,62.248077392578125,0.05577541555439528,1.0008156299591064,14,3.5954277515411377,13.930436134338379,1.000861406326294,"[1.83102, 1.65254, 1.33776, 1.15379, 0.9168, 0.67967, 0.58463, 0.55686]"
model.layers.12.self_attn.q_proj.weight,b_vs_c,"(3584, 3584)",False,3.426266670227051,62.248077392578125,0.055042128427818186,1.0008224248886108,14,2.9048473834991455,13.466131210327148,1.0008692741394043,"[2.01029, 1.65658, 1.29962, 0.89024, 0.79381, 0.75485, 0.64907, 0.45142]"
model.layers.12.self_attn.q_proj.weight,a_vs_b,"(3584, 3584)",False,4.697301864624023,62.248077392578125,0.07546099512439054,0.9540981650352478,23,5.6070637702941895,23.970149993896484,0.999542772769928,"[1.98372, 1.77109, 1.62377, 1.5902, 1.3901, 1.20839, 1.10234, 0.99891]"
model.layers.12.self_attn.v_proj.bias,a_vs_c,"(512,)",True,0.0,1.7421482801437378,0.0,nan,,nan,nan,nan,
model.layers.12.self_attn.v_proj.bias,b_vs_c,"(512,)",True,0.0,1.7421482801437378,0.0,nan,,nan,nan,nan,
model.layers.12.self_attn.v_proj.bias,a_vs_b,"(512,)",True,0.0,1.7421482801437378,0.0,nan,,nan,nan,nan,
model.layers.12.self_attn.v_proj.weight,a_vs_c,"(512, 3584)",False,1.245436429977417,20.58383560180664,0.06050555659646374,0.9995814561843872,12,2.211017370223999,12.098152160644531,0.9996964335441589,"[0.83758, 0.61178, 0.52201, 0.23338, 0.18384, 0.17224, 0.1495, 0.1406]"
model.layers.12.self_attn.v_proj.weight,b_vs_c,"(512, 3584)",False,1.259522795677185,20.58383560180664,0.06118989774513341,0.9996069073677063,11,1.38985276222229,10.935545921325684,0.9997193217277527,"[1.06837, 0.44979, 0.27956, 0.21958, 0.19827, 0.16274, 0.12978, 0.08848]"
model.layers.12.self_attn.v_proj.weight,a_vs_b,"(512, 3584)",False,1.6495801210403442,20.58383560180664,0.08013958879925959,0.9865075349807739,18,2.683760643005371,18.971866607666016,0.9996383786201477,"[1.00694, 0.77816, 0.58112, 0.50421, 0.39392, 0.25976, 0.22268, 0.19998]"
model.layers.13.input_layernorm.weight,a_vs_c,"(3584,)",True,0.0,58.46418380737305,0.0,nan,,nan,nan,nan,
model.layers.13.input_layernorm.weight,b_vs_c,"(3584,)",True,0.0,58.46418380737305,0.0,nan,,nan,nan,nan,
model.layers.13.input_layernorm.weight,a_vs_b,"(3584,)",True,0.0,58.46418380737305,0.0,nan,,nan,nan,nan,
model.layers.13.mlp.down_proj.weight,a_vs_c,"(3584, 18944)",True,0.0,132.7661590576172,0.0,nan,,nan,nan,nan,
model.layers.13.mlp.down_proj.weight,b_vs_c,"(3584, 18944)",True,0.0,132.7661590576172,0.0,nan,,nan,nan,nan,
model.layers.13.mlp.down_proj.weight,a_vs_b,"(3584, 18944)",True,0.0,132.7661590576172,0.0,nan,,nan,nan,nan,
model.layers.13.mlp.gate_proj.weight,a_vs_c,"(18944, 3584)",True,0.0,138.33941650390625,0.0,nan,,nan,nan,nan,
model.layers.13.mlp.gate_proj.weight,b_vs_c,"(18944, 3584)",True,0.0,138.33941650390625,0.0,nan,,nan,nan,nan,
model.layers.13.mlp.gate_proj.weight,a_vs_b,"(18944, 3584)",True,0.0,138.33941650390625,0.0,nan,,nan,nan,nan,
model.layers.13.mlp.up_proj.weight,a_vs_c,"(18944, 3584)",True,0.0,134.4014129638672,0.0,nan,,nan,nan,nan,
model.layers.13.mlp.up_proj.weight,b_vs_c,"(18944, 3584)",True,0.0,134.4014129638672,0.0,nan,,nan,nan,nan,
model.layers.13.mlp.up_proj.weight,a_vs_b,"(18944, 3584)",True,0.0,134.4014129638672,0.0,nan,,nan,nan,nan,
model.layers.13.post_attention_layernorm.weight,a_vs_c,"(3584,)",True,0.0,49.37841796875,0.0,nan,,nan,nan,nan,
model.layers.13.post_attention_layernorm.weight,b_vs_c,"(3584,)",True,0.0,49.37841796875,0.0,nan,,nan,nan,nan,
model.layers.13.post_attention_layernorm.weight,a_vs_b,"(3584,)",True,0.0,49.37841796875,0.0,nan,,nan,nan,nan,
model.layers.13.self_attn.k_proj.bias,a_vs_c,"(512,)",True,0.0,62.11220932006836,0.0,nan,,nan,nan,nan,
model.layers.13.self_attn.k_proj.bias,b_vs_c,"(512,)",True,0.0,62.11220932006836,0.0,nan,,nan,nan,nan,
model.layers.13.self_attn.k_proj.bias,a_vs_b,"(512,)",True,0.0,62.11220932006836,0.0,nan,,nan,nan,nan,
model.layers.13.self_attn.k_proj.weight,a_vs_c,"(512, 3584)",False,1.2338327169418335,25.605587005615234,0.0481860742607173,0.9991405010223389,14,2.6303112506866455,13.860077857971191,0.9993621110916138,"[0.76077, 0.5981, 0.54714, 0.30639, 0.21845, 0.16193, 0.14756, 0.14671]"
model.layers.13.self_attn.k_proj.weight,b_vs_c,"(512, 3584)",False,1.2630592584609985,25.605587005615234,0.04932748693416063,0.9992058277130127,14,2.8303544521331787,13.822450637817383,0.999417245388031,"[0.75076, 0.67896, 0.4726, 0.35591, 0.24361, 0.19831, 0.16669, 0.14724]"
model.layers.13.self_attn.k_proj.weight,a_vs_b,"(512, 3584)",False,1.6708163022994995,25.605587005615234,0.06525202105044864,0.9774345755577087,20,3.9359688758850098,21.693082809448242,0.9993277192115784,"[0.84218, 0.65315, 0.62747, 0.58119, 0.48928, 0.40667, 0.35408, 0.2799]"
model.layers.13.self_attn.o_proj.weight,a_vs_c,"(3584, 3584)",False,3.3054959774017334,57.490684509277344,0.05749620143883174,1.000659465789795,13,2.944403886795044,13.47946548461914,1.0007061958312988,"[1.92636, 1.52423, 1.22592, 0.98276, 0.80121, 0.72275, 0.63136, 0.43601]"
model.layers.13.self_attn.o_proj.weight,b_vs_c,"(3584, 3584)",False,3.1352477073669434,57.490684509277344,0.054534882200976485,1.0005550384521484,12,2.3949270248413086,12.699723243713379,1.0006059408187866,"[2.02594, 1.5308, 0.97502, 0.77832, 0.7417, 0.62051, 0.52686, 0.45543]"
model.layers.13.self_attn.o_proj.weight,a_vs_b,"(3584, 3584)",False,4.263811111450195,57.490684509277344,0.0741652521246662,0.9632105827331543,22,4.901708126068115,23.131576538085938,0.9998353719711304,"[1.92586, 1.79469, 1.50341, 1.40741, 1.20529, 0.96106, 0.86538, 0.8047]"
model.layers.13.self_attn.q_proj.bias,a_vs_c,"(3584,)",True,0.0,77.86427307128906,0.0,nan,,nan,nan,nan,
model.layers.13.self_attn.q_proj.bias,b_vs_c,"(3584,)",True,0.0,77.86427307128906,0.0,nan,,nan,nan,nan,
model.layers.13.self_attn.q_proj.bias,a_vs_b,"(3584,)",True,0.0,77.86427307128906,0.0,nan,,nan,nan,nan,
model.layers.13.self_attn.q_proj.weight,a_vs_c,"(3584, 3584)",False,3.460209369659424,61.010520935058594,0.05671496188899244,1.0008169412612915,14,2.4294676780700684,13.107495307922363,1.000857949256897,"[2.21997, 1.56247, 1.33696, 0.96314, 0.60186, 0.56514, 0.52923, 0.4646]"
model.layers.13.self_attn.q_proj.weight,b_vs_c,"(3584, 3584)",False,3.590385913848877,61.010520935058594,0.058848635593041244,1.0008021593093872,12,2.286839008331299,12.479242324829102,1.0008403062820435,"[2.37423, 1.71387, 1.10611, 1.04754, 0.72629, 0.63691, 0.56142, 0.45069]"
model.layers.13.self_attn.q_proj.weight,a_vs_b,"(3584, 3584)",False,4.820260524749756,61.010520935058594,0.07900703765307272,0.9644575715065002,22,3.8574471473693848,22.510990142822266,0.9994586706161499,"[2.45426, 2.07031, 1.65678, 1.43771, 1.34616, 1.05521, 0.98466, 0.88153]"
model.layers.13.self_attn.v_proj.bias,a_vs_c,"(512,)",True,0.0,0.8435591459274292,0.0,nan,,nan,nan,nan,
model.layers.13.self_attn.v_proj.bias,b_vs_c,"(512,)",True,0.0,0.8435591459274292,0.0,nan,,nan,nan,nan,
model.layers.13.self_attn.v_proj.bias,a_vs_b,"(512,)",True,0.0,0.8435591459274292,0.0,nan,,nan,nan,nan,
model.layers.13.self_attn.v_proj.weight,a_vs_c,"(512, 3584)",False,1.1506686210632324,22.4603214263916,0.05123117337542461,0.9993534684181213,12,1.547012209892273,12.70692253112793,0.999506413936615,"[0.92513, 0.35656, 0.30183, 0.29862, 0.21728, 0.17834, 0.15847, 0.11742]"
model.layers.13.self_attn.v_proj.weight,b_vs_c,"(512, 3584)",False,1.0702675580978394,22.4603214263916,0.04765148003804792,0.9992237687110901,13,1.7857024669647217,12.947427749633789,0.9993991851806641,"[0.80092, 0.45325, 0.30219, 0.25201, 0.21474, 0.16803, 0.12651, 0.11888]"
model.layers.13.self_attn.v_proj.weight,a_vs_b,"(512, 3584)",False,1.418074131011963,22.4603214263916,0.06313685828848736,0.9800015091896057,20,2.802668571472168,21.095718383789062,0.9991217255592346,"[0.84706, 0.69451, 0.44445, 0.32803, 0.30897, 0.26736, 0.25566, 0.24101]"
model.layers.14.input_layernorm.weight,a_vs_c,"(3584,)",True,0.0,63.546268463134766,0.0,nan,,nan,nan,nan,
model.layers.14.input_layernorm.weight,b_vs_c,"(3584,)",True,0.0,63.546268463134766,0.0,nan,,nan,nan,nan,
model.layers.14.input_layernorm.weight,a_vs_b,"(3584,)",True,0.0,63.546268463134766,0.0,nan,,nan,nan,nan,
model.layers.14.mlp.down_proj.weight,a_vs_c,"(3584, 18944)",True,0.0,133.95664978027344,0.0,nan,,nan,nan,nan,
model.layers.14.mlp.down_proj.weight,b_vs_c,"(3584, 18944)",True,0.0,133.95664978027344,0.0,nan,,nan,nan,nan,
model.layers.14.mlp.down_proj.weight,a_vs_b,"(3584, 18944)",True,0.0,133.95664978027344,0.0,nan,,nan,nan,nan,
model.layers.14.mlp.gate_proj.weight,a_vs_c,"(18944, 3584)",True,0.0,135.9489288330078,0.0,nan,,nan,nan,nan,
model.layers.14.mlp.gate_proj.weight,b_vs_c,"(18944, 3584)",True,0.0,135.9489288330078,0.0,nan,,nan,nan,nan,
model.layers.14.mlp.gate_proj.weight,a_vs_b,"(18944, 3584)",True,0.0,135.9489288330078,0.0,nan,,nan,nan,nan,
model.layers.14.mlp.up_proj.weight,a_vs_c,"(18944, 3584)",True,0.0,135.40969848632812,0.0,nan,,nan,nan,nan,
model.layers.14.mlp.up_proj.weight,b_vs_c,"(18944, 3584)",True,0.0,135.40969848632812,0.0,nan,,nan,nan,nan,
model.layers.14.mlp.up_proj.weight,a_vs_b,"(18944, 3584)",True,0.0,135.40969848632812,0.0,nan,,nan,nan,nan,
model.layers.14.post_attention_layernorm.weight,a_vs_c,"(3584,)",True,0.0,51.23768615722656,0.0,nan,,nan,nan,nan,
model.layers.14.post_attention_layernorm.weight,b_vs_c,"(3584,)",True,0.0,51.23768615722656,0.0,nan,,nan,nan,nan,
model.layers.14.post_attention_layernorm.weight,a_vs_b,"(3584,)",True,0.0,51.23768615722656,0.0,nan,,nan,nan,nan,
model.layers.14.self_attn.k_proj.bias,a_vs_c,"(512,)",True,0.0,22.05521583557129,0.0,nan,,nan,nan,nan,
model.layers.14.self_attn.k_proj.bias,b_vs_c,"(512,)",True,0.0,22.05521583557129,0.0,nan,,nan,nan,nan,
model.layers.14.self_attn.k_proj.bias,a_vs_b,"(512,)",True,0.0,22.05521583557129,0.0,nan,,nan,nan,nan,
model.layers.14.self_attn.k_proj.weight,a_vs_c,"(512, 3584)",False,1.291367530822754,25.308452606201172,0.051025147642030796,0.9992226958274841,13,2.0001797676086426,13.503764152526855,0.9994692206382751,"[0.91309, 0.61975, 0.38999, 0.31085, 0.2252, 0.20657, 0.16303, 0.13832]"
model.layers.14.self_attn.k_proj.weight,b_vs_c,"(512, 3584)",False,1.448595404624939,25.308452606201172,0.05723761255439215,0.9994665384292603,11,1.503679871559143,11.416022300720215,0.9996638298034668,"[1.18133, 0.5533, 0.45074, 0.26619, 0.17679, 0.15217, 0.14742, 0.09642]"
model.layers.14.self_attn.k_proj.weight,a_vs_b,"(512, 3584)",False,1.8388079404830933,25.308452606201172,0.07265588177574087,0.9852492809295654,19,2.585057497024536,19.587379455566406,0.9995449781417847,"[1.14367, 0.84809, 0.59321, 0.533, 0.42291, 0.38517, 0.30932, 0.23564]"
model.layers.14.self_attn.o_proj.weight,a_vs_c,"(3584, 3584)",False,3.094952344894409,54.586673736572266,0.056697947191840646,1.0005881786346436,11,1.962505578994751,11.76410961151123,1.0006358623504639,"[2.20927, 1.47582, 0.96875, 0.76563, 0.47441, 0.42469, 0.39439, 0.34287]"
model.layers.14.self_attn.o_proj.weight,b_vs_c,"(3584, 3584)",False,3.0286104679107666,54.586673736572266,0.055482597868601075,1.00048828125,11,1.8803200721740723,11.717550277709961,1.0005381107330322,"[2.20865, 1.14933, 1.04254, 0.78772, 0.73611, 0.47993, 0.42609, 0.27845]"
model.layers.14.self_attn.o_proj.weight,a_vs_b,"(3584, 3584)",False,4.024989604949951,54.586673736572266,0.07373575507410461,0.9802786111831665,19,3.532245397567749,20.43939971923828,1.0001192092895508,"[2.1416, 1.96559, 1.51846, 1.06027, 0.9548, 0.82815, 0.75109, 0.6863]"
model.layers.14.self_attn.q_proj.bias,a_vs_c,"(3584,)",True,0.0,85.22459411621094,0.0,nan,,nan,nan,nan,
model.layers.14.self_attn.q_proj.bias,b_vs_c,"(3584,)",True,0.0,85.22459411621094,0.0,nan,,nan,nan,nan,
model.layers.14.self_attn.q_proj.bias,a_vs_b,"(3584,)",True,0.0,85.22459411621094,0.0,nan,,nan,nan,nan,
model.layers.14.self_attn.q_proj.weight,a_vs_c,"(3584, 3584)",False,3.431349039077759,59.85979080200195,0.057323104426268735,1.0006744861602783,14,2.392923355102539,13.271286010742188,1.000719666481018,"[2.2182, 1.71368, 1.12709, 0.78024, 0.64261, 0.60787, 0.56741, 0.47381]"
model.layers.14.self_attn.q_proj.weight,b_vs_c,"(3584, 3584)",False,3.9061214923858643,59.85979080200195,0.0652545129218064,1.0007703304290771,12,2.035698175430298,11.143780708312988,1.0008052587509155,"[2.73772, 2.17336, 0.96848, 0.82134, 0.67964, 0.55744, 0.40303, 0.35973]"
model.layers.14.self_attn.q_proj.weight,a_vs_b,"(3584, 3584)",False,5.000343322753906,59.85979080200195,0.08353425990567737,0.9734559655189514,21,3.4839842319488525,20.87958526611328,0.9993109107017517,"[2.67893, 2.26786, 1.96532, 1.61503, 1.14885, 0.96549, 0.87083, 0.69696]"
model.layers.14.self_attn.v_proj.bias,a_vs_c,"(512,)",True,0.0,2.0026698112487793,0.0,nan,,nan,nan,nan,
model.layers.14.self_attn.v_proj.bias,b_vs_c,"(512,)",True,0.0,2.0026698112487793,0.0,nan,,nan,nan,nan,
model.layers.14.self_attn.v_proj.bias,a_vs_b,"(512,)",True,0.0,2.0026698112487793,0.0,nan,,nan,nan,nan,
model.layers.14.self_attn.v_proj.weight,a_vs_c,"(512, 3584)",False,1.130690336227417,19.7587947845459,0.05722466114743865,0.9994727969169617,13,1.9956681728363037,13.328641891479492,0.9996070861816406,"[0.80039, 0.45093, 0.3733, 0.34133, 0.22597, 0.17918, 0.1462, 0.12914]"
model.layers.14.self_attn.v_proj.weight,b_vs_c,"(512, 3584)",False,1.1212033033370972,19.7587947845459,0.056744518861749235,0.9994902014732361,12,2.3306725025177,13.024203300476074,0.9996261596679688,"[0.73442, 0.54193, 0.36278, 0.29289, 0.28275, 0.20483, 0.15329, 0.13491]"
model.layers.14.self_attn.v_proj.weight,a_vs_b,"(512, 3584)",False,1.5001157522201538,19.7587947845459,0.07592141973119995,0.9746690392494202,21,3.6809017658233643,22.123693466186523,0.999509334564209,"[0.78189, 0.66353, 0.52565, 0.41729, 0.37395, 0.35256, 0.30839, 0.27845]"
model.layers.15.input_layernorm.weight,a_vs_c,"(3584,)",True,0.0,53.99984359741211,0.0,nan,,nan,nan,nan,
model.layers.15.input_layernorm.weight,b_vs_c,"(3584,)",True,0.0,53.99984359741211,0.0,nan,,nan,nan,nan,
model.layers.15.input_layernorm.weight,a_vs_b,"(3584,)",True,0.0,53.99984359741211,0.0,nan,,nan,nan,nan,
model.layers.15.mlp.down_proj.weight,a_vs_c,"(3584, 18944)",True,0.0,134.9676513671875,0.0,nan,,nan,nan,nan,
model.layers.15.mlp.down_proj.weight,b_vs_c,"(3584, 18944)",True,0.0,134.9676513671875,0.0,nan,,nan,nan,nan,
model.layers.15.mlp.down_proj.weight,a_vs_b,"(3584, 18944)",True,0.0,134.9676513671875,0.0,nan,,nan,nan,nan,
model.layers.15.mlp.gate_proj.weight,a_vs_c,"(18944, 3584)",True,0.0,134.334228515625,0.0,nan,,nan,nan,nan,
model.layers.15.mlp.gate_proj.weight,b_vs_c,"(18944, 3584)",True,0.0,134.334228515625,0.0,nan,,nan,nan,nan,
model.layers.15.mlp.gate_proj.weight,a_vs_b,"(18944, 3584)",True,0.0,134.334228515625,0.0,nan,,nan,nan,nan,
model.layers.15.mlp.up_proj.weight,a_vs_c,"(18944, 3584)",True,0.0,136.9013214111328,0.0,nan,,nan,nan,nan,
model.layers.15.mlp.up_proj.weight,b_vs_c,"(18944, 3584)",True,0.0,136.9013214111328,0.0,nan,,nan,nan,nan,
model.layers.15.mlp.up_proj.weight,a_vs_b,"(18944, 3584)",True,0.0,136.9013214111328,0.0,nan,,nan,nan,nan,
model.layers.15.post_attention_layernorm.weight,a_vs_c,"(3584,)",True,0.0,51.83001708984375,0.0,nan,,nan,nan,nan,
model.layers.15.post_attention_layernorm.weight,b_vs_c,"(3584,)",True,0.0,51.83001708984375,0.0,nan,,nan,nan,nan,
model.layers.15.post_attention_layernorm.weight,a_vs_b,"(3584,)",True,0.0,51.83001708984375,0.0,nan,,nan,nan,nan,
model.layers.15.self_attn.k_proj.bias,a_vs_c,"(512,)",True,0.0,33.996070861816406,0.0,nan,,nan,nan,nan,
model.layers.15.self_attn.k_proj.bias,b_vs_c,"(512,)",True,0.0,33.996070861816406,0.0,nan,,nan,nan,nan,
model.layers.15.self_attn.k_proj.bias,a_vs_b,"(512,)",True,0.0,33.996070861816406,0.0,nan,,nan,nan,nan,
model.layers.15.self_attn.k_proj.weight,a_vs_c,"(512, 3584)",False,1.1734274625778198,26.498058319091797,0.04428352630397706,0.9989913105964661,14,1.8920557498931885,14.638283729553223,0.9992993474006653,"[0.85308, 0.4198, 0.37082, 0.32776, 0.25353, 0.20089, 0.15965, 0.14835]"
model.layers.15.self_attn.k_proj.weight,b_vs_c,"(512, 3584)",False,1.1604135036468506,26.498058319091797,0.04379239752864364,0.9989712834358215,14,1.5957359075546265,13.94452953338623,0.9992859363555908,"[0.91861, 0.41001, 0.30984, 0.27111, 0.20238, 0.18207, 0.13952, 0.11847]"
model.layers.15.self_attn.k_proj.weight,a_vs_b,"(512, 3584)",False,1.5513862371444702,26.498058319091797,0.058547166681518686,0.9740689396858215,20,2.7562289237976074,22.036396026611328,0.999078631401062,"[0.93446, 0.74304, 0.42438, 0.38628, 0.37268, 0.32101, 0.28901, 0.23321]"
model.layers.15.self_attn.o_proj.weight,a_vs_c,"(3584, 3584)",False,3.5039875507354736,55.3022575378418,0.06336066024678635,1.0007243156433105,13,2.239783763885498,12.985845565795898,1.0007652044296265,"[2.34131, 1.67072, 1.01047, 0.85044, 0.75856, 0.63197, 0.58858, 0.47194]"
model.layers.15.self_attn.o_proj.weight,b_vs_c,"(3584, 3584)",False,3.485755681991577,55.3022575378418,0.06303098349296811,1.0007256269454956,12,1.9464871883392334,12.059806823730469,1.0007661581039429,"[2.49845, 1.4042, 1.09803, 1.0044, 0.79511, 0.58581, 0.42425, 0.37462]"
model.layers.15.self_attn.o_proj.weight,a_vs_b,"(3584, 3584)",False,4.551894187927246,55.3022575378418,0.08230937380472238,0.968241810798645,22,3.3219542503356934,22.126426696777344,0.9995856881141663,"[2.49744, 1.89434, 1.69914, 1.20964, 1.06777, 1.0336, 0.89602, 0.77631]"
model.layers.15.self_attn.q_proj.bias,a_vs_c,"(3584,)",True,0.0,99.44635772705078,0.0,nan,,nan,nan,nan,
model.layers.15.self_attn.q_proj.bias,b_vs_c,"(3584,)",True,0.0,99.44635772705078,0.0,nan,,nan,nan,nan,
model.layers.15.self_attn.q_proj.bias,a_vs_b,"(3584,)",True,0.0,99.44635772705078,0.0,nan,,nan,nan,nan,
model.layers.15.self_attn.q_proj.weight,a_vs_c,"(3584, 3584)",False,3.511475086212158,62.1768798828125,0.05647557569357597,1.0007073879241943,14,2.080998182296753,13.542366981506348,1.0007541179656982,"[2.43419, 1.42031, 1.12481, 0.89765, 0.73659, 0.61607, 0.53876, 0.48144]"
model.layers.15.self_attn.q_proj.weight,b_vs_c,"(3584, 3584)",False,3.7066025733947754,62.1768798828125,0.05961384007014781,1.0007487535476685,13,1.610275149345398,12.208366394042969,1.0007907152175903,"[2.92096, 1.19226, 1.09275, 0.86342, 0.72799, 0.65403, 0.45773, 0.3808]"
model.layers.15.self_attn.q_proj.weight,a_vs_b,"(3584, 3584)",False,4.896137714385986,62.1768798828125,0.07874531053365741,0.9638953804969788,22,2.8927886486053467,22.314868927001953,0.9994010925292969,"[2.87869, 2.2922, 1.40425, 1.19225, 1.11701, 1.05928, 0.82377, 0.81117]"
model.layers.15.self_attn.v_proj.bias,a_vs_c,"(512,)",True,0.0,1.3978468179702759,0.0,nan,,nan,nan,nan,
model.layers.15.self_attn.v_proj.bias,b_vs_c,"(512,)",True,0.0,1.3978468179702759,0.0,nan,,nan,nan,nan,
model.layers.15.self_attn.v_proj.bias,a_vs_b,"(512,)",True,0.0,1.3978468179702759,0.0,nan,,nan,nan,nan,
model.layers.15.self_attn.v_proj.weight,a_vs_c,"(512, 3584)",False,1.1144368648529053,20.84438705444336,0.05346460233837113,0.9994240999221802,13,1.9462051391601562,13.2501859664917,0.9995595216751099,"[0.79884, 0.45462, 0.39446, 0.23914, 0.22296, 0.18409, 0.16509, 0.13952]"
model.layers.15.self_attn.v_proj.weight,b_vs_c,"(512, 3584)",False,1.0897867679595947,20.84438705444336,0.05228202513766347,0.9994058012962341,13,1.818434238433838,12.855012893676758,0.9995476007461548,"[0.80815, 0.42404, 0.36033, 0.2633, 0.23134, 0.17287, 0.13226, 0.12394]"
model.layers.15.self_attn.v_proj.weight,a_vs_b,"(512, 3584)",False,1.3669010400772095,20.84438705444336,0.06557645645837447,0.9721763730049133,21,3.842313289642334,22.41098976135254,0.9992035627365112,"[0.69733, 0.67006, 0.42594, 0.38978, 0.36259, 0.30445, 0.26864, 0.21324]"
model.layers.16.input_layernorm.weight,a_vs_c,"(3584,)",True,0.0,67.4827651977539,0.0,nan,,nan,nan,nan,
model.layers.16.input_layernorm.weight,b_vs_c,"(3584,)",True,0.0,67.4827651977539,0.0,nan,,nan,nan,nan,
model.layers.16.input_layernorm.weight,a_vs_b,"(3584,)",True,0.0,67.4827651977539,0.0,nan,,nan,nan,nan,
model.layers.16.mlp.down_proj.weight,a_vs_c,"(3584, 18944)",True,0.0,134.11846923828125,0.0,nan,,nan,nan,nan,
model.layers.16.mlp.down_proj.weight,b_vs_c,"(3584, 18944)",True,0.0,134.11846923828125,0.0,nan,,nan,nan,nan,
model.layers.16.mlp.down_proj.weight,a_vs_b,"(3584, 18944)",True,0.0,134.11846923828125,0.0,nan,,nan,nan,nan,
model.layers.16.mlp.gate_proj.weight,a_vs_c,"(18944, 3584)",True,0.0,134.15736389160156,0.0,nan,,nan,nan,nan,
model.layers.16.mlp.gate_proj.weight,b_vs_c,"(18944, 3584)",True,0.0,134.15736389160156,0.0,nan,,nan,nan,nan,
model.layers.16.mlp.gate_proj.weight,a_vs_b,"(18944, 3584)",True,0.0,134.15736389160156,0.0,nan,,nan,nan,nan,
model.layers.16.mlp.up_proj.weight,a_vs_c,"(18944, 3584)",True,0.0,136.6593017578125,0.0,nan,,nan,nan,nan,
model.layers.16.mlp.up_proj.weight,b_vs_c,"(18944, 3584)",True,0.0,136.6593017578125,0.0,nan,,nan,nan,nan,
model.layers.16.mlp.up_proj.weight,a_vs_b,"(18944, 3584)",True,0.0,136.6593017578125,0.0,nan,,nan,nan,nan,
model.layers.16.post_attention_layernorm.weight,a_vs_c,"(3584,)",True,0.0,53.65161895751953,0.0,nan,,nan,nan,nan,
model.layers.16.post_attention_layernorm.weight,b_vs_c,"(3584,)",True,0.0,53.65161895751953,0.0,nan,,nan,nan,nan,
model.layers.16.post_attention_layernorm.weight,a_vs_b,"(3584,)",True,0.0,53.65161895751953,0.0,nan,,nan,nan,nan,
model.layers.16.self_attn.k_proj.bias,a_vs_c,"(512,)",True,0.0,30.36789321899414,0.0,nan,,nan,nan,nan,
model.layers.16.self_attn.k_proj.bias,b_vs_c,"(512,)",True,0.0,30.36789321899414,0.0,nan,,nan,nan,nan,
model.layers.16.self_attn.k_proj.bias,a_vs_b,"(512,)",True,0.0,30.36789321899414,0.0,nan,,nan,nan,nan,
model.layers.16.self_attn.k_proj.weight,a_vs_c,"(512, 3584)",False,1.2309497594833374,23.770418167114258,0.05178494340441699,0.9993118643760681,14,2.2936818599700928,14.22475814819336,0.9995331764221191,"[0.81278, 0.57781, 0.39146, 0.31698, 0.28222, 0.22235, 0.17019, 0.16111]"
model.layers.16.self_attn.k_proj.weight,b_vs_c,"(512, 3584)",False,1.307983636856079,23.770418167114258,0.05502568897444302,0.999416172504425,12,1.604802131652832,12.711488723754883,0.9996100664138794,"[1.0325, 0.48141, 0.37125, 0.29783, 0.25033, 0.1967, 0.15133, 0.11078]"
model.layers.16.self_attn.k_proj.weight,a_vs_b,"(512, 3584)",False,1.6955012083053589,23.770418167114258,0.07132820282695068,0.9766058921813965,20,2.891740083694458,21.601299285888672,0.9995412826538086,"[0.99705, 0.75065, 0.55356, 0.46209, 0.37615, 0.34776, 0.32574, 0.28494]"
model.layers.16.self_attn.o_proj.weight,a_vs_c,"(3584, 3584)",False,3.2806169986724854,57.12744140625,0.05742628967649811,1.0006837844848633,13,2.6167187690734863,13.174357414245605,1.0007293224334717,"[2.02804, 1.36573, 1.15866, 1.08025, 0.9313, 0.59857, 0.50941, 0.48319]"
model.layers.16.self_attn.o_proj.weight,b_vs_c,"(3584, 3584)",False,3.1968014240264893,57.12744140625,0.055959121314275155,1.0006428956985474,13,2.0320403575897217,12.795981407165527,1.0006911754608154,"[2.24259, 1.21087, 0.99195, 0.82715, 0.8117, 0.68937, 0.55697, 0.40396]"
model.layers.16.self_attn.o_proj.weight,a_vs_b,"(3584, 3584)",False,4.299145698547363,57.12744140625,0.07525535176649828,0.9638404846191406,22,3.8800039291381836,23.098983764648438,0.9997935891151428,"[2.18256, 1.71996, 1.33959, 1.20166, 1.16986, 1.09019, 0.97621, 0.83124]"
model.layers.16.self_attn.q_proj.bias,a_vs_c,"(3584,)",True,0.0,71.73516845703125,0.0,nan,,nan,nan,nan,
model.layers.16.self_attn.q_proj.bias,b_vs_c,"(3584,)",True,0.0,71.73516845703125,0.0,nan,,nan,nan,nan,
model.layers.16.self_attn.q_proj.bias,a_vs_b,"(3584,)",True,0.0,71.73516845703125,0.0,nan,,nan,nan,nan,
model.layers.16.self_attn.q_proj.weight,a_vs_c,"(3584, 3584)",False,3.676549196243286,59.471405029296875,0.06182045294595176,1.0007569789886475,13,1.94352388381958,12.468039512634277,1.0007957220077515,"[2.63721, 1.40881, 1.33287, 0.91032, 0.66125, 0.62626, 0.5919, 0.44467]"
model.layers.16.self_attn.q_proj.weight,b_vs_c,"(3584, 3584)",False,3.6125783920288086,59.471405029296875,0.06074479643198569,1.0007520914077759,13,2.437725782394409,12.709434509277344,1.000792384147644,"[2.31379, 1.87704, 1.10771, 0.84051, 0.76906, 0.67846, 0.60587, 0.45099]"
model.layers.16.self_attn.q_proj.weight,a_vs_b,"(3584, 3584)",False,4.958714962005615,59.471405029296875,0.08337981857941387,0.9673436284065247,22,3.4894537925720215,22.25822639465332,0.9993777871131897,"[2.65455, 2.09954, 1.88343, 1.36211, 1.2573, 1.03165, 0.91817, 0.80246]"
model.layers.16.self_attn.v_proj.bias,a_vs_c,"(512,)",True,0.0,1.0976611375808716,0.0,nan,,nan,nan,nan,
model.layers.16.self_attn.v_proj.bias,b_vs_c,"(512,)",True,0.0,1.0976611375808716,0.0,nan,,nan,nan,nan,
model.layers.16.self_attn.v_proj.bias,a_vs_b,"(512,)",True,0.0,1.0976611375808716,0.0,nan,,nan,nan,nan,
model.layers.16.self_attn.v_proj.weight,a_vs_c,"(512, 3584)",False,1.1088920831680298,22.406259536743164,0.04949028111316841,0.999254584312439,13,1.9799386262893677,13.609710693359375,0.9994167685508728,"[0.78807, 0.43074, 0.39544, 0.24949, 0.22706, 0.21899, 0.17928, 0.13818]"
model.layers.16.self_attn.v_proj.weight,b_vs_c,"(512, 3584)",False,1.1003621816635132,22.406259536743164,0.049109588321025716,0.999239444732666,12,1.9337031841278076,13.184481620788574,0.9994040727615356,"[0.7913, 0.46823, 0.32739, 0.29321, 0.22055, 0.18555, 0.15426, 0.14247]"
model.layers.16.self_attn.v_proj.weight,a_vs_b,"(512, 3584)",False,1.4443089962005615,22.406259536743164,0.06446006723398409,0.9719520211219788,21,3.742515802383423,22.276765823364258,0.9991803169250488,"[0.74658, 0.72391, 0.4491, 0.41897, 0.3631, 0.29796, 0.25678, 0.24472]"
model.layers.17.input_layernorm.weight,a_vs_c,"(3584,)",True,0.0,69.11229705810547,0.0,nan,,nan,nan,nan,
model.layers.17.input_layernorm.weight,b_vs_c,"(3584,)",True,0.0,69.11229705810547,0.0,nan,,nan,nan,nan,
model.layers.17.input_layernorm.weight,a_vs_b,"(3584,)",True,0.0,69.11229705810547,0.0,nan,,nan,nan,nan,
model.layers.17.mlp.down_proj.weight,a_vs_c,"(3584, 18944)",True,0.0,134.33287048339844,0.0,nan,,nan,nan,nan,
model.layers.17.mlp.down_proj.weight,b_vs_c,"(3584, 18944)",True,0.0,134.33287048339844,0.0,nan,,nan,nan,nan,
model.layers.17.mlp.down_proj.weight,a_vs_b,"(3584, 18944)",True,0.0,134.33287048339844,0.0,nan,,nan,nan,nan,
model.layers.17.mlp.gate_proj.weight,a_vs_c,"(18944, 3584)",True,0.0,132.8008575439453,0.0,nan,,nan,nan,nan,
model.layers.17.mlp.gate_proj.weight,b_vs_c,"(18944, 3584)",True,0.0,132.8008575439453,0.0,nan,,nan,nan,nan,
model.layers.17.mlp.gate_proj.weight,a_vs_b,"(18944, 3584)",True,0.0,132.8008575439453,0.0,nan,,nan,nan,nan,
model.layers.17.mlp.up_proj.weight,a_vs_c,"(18944, 3584)",True,0.0,137.4358367919922,0.0,nan,,nan,nan,nan,
model.layers.17.mlp.up_proj.weight,b_vs_c,"(18944, 3584)",True,0.0,137.4358367919922,0.0,nan,,nan,nan,nan,
model.layers.17.mlp.up_proj.weight,a_vs_b,"(18944, 3584)",True,0.0,137.4358367919922,0.0,nan,,nan,nan,nan,
model.layers.17.post_attention_layernorm.weight,a_vs_c,"(3584,)",True,0.0,55.21399688720703,0.0,nan,,nan,nan,nan,
model.layers.17.post_attention_layernorm.weight,b_vs_c,"(3584,)",True,0.0,55.21399688720703,0.0,nan,,nan,nan,nan,
model.layers.17.post_attention_layernorm.weight,a_vs_b,"(3584,)",True,0.0,55.21399688720703,0.0,nan,,nan,nan,nan,
model.layers.17.self_attn.k_proj.bias,a_vs_c,"(512,)",True,0.0,22.611740112304688,0.0,nan,,nan,nan,nan,
model.layers.17.self_attn.k_proj.bias,b_vs_c,"(512,)",True,0.0,22.611740112304688,0.0,nan,,nan,nan,nan,
model.layers.17.self_attn.k_proj.bias,a_vs_b,"(512,)",True,0.0,22.611740112304688,0.0,nan,,nan,nan,nan,
model.layers.17.self_attn.k_proj.weight,a_vs_c,"(512, 3584)",False,1.3490924835205078,24.23771858215332,0.055660869192279076,0.9994032382965088,13,2.256002426147461,13.42657470703125,0.9995808005332947,"[0.8982, 0.60845, 0.49202, 0.40203, 0.28011, 0.20322, 0.1514, 0.14774]"
model.layers.17.self_attn.k_proj.weight,b_vs_c,"(512, 3584)",False,1.4019010066986084,24.23771858215332,0.05783964369199558,0.999443531036377,13,1.8950424194335938,12.954380989074707,0.999609112739563,"[1.01838, 0.65568, 0.38302, 0.34351, 0.26755, 0.19785, 0.17104, 0.16374]"
model.layers.17.self_attn.k_proj.weight,a_vs_b,"(512, 3584)",False,1.829098105430603,24.23771858215332,0.07546494523529132,0.9779171347618103,20,3.4330804347991943,21.22648048400879,0.9995984435081482,"[0.98718, 0.84463, 0.6242, 0.56554, 0.47394, 0.40413, 0.35605, 0.29416]"
model.layers.17.self_attn.o_proj.weight,a_vs_c,"(3584, 3584)",False,3.810533285140991,56.83274841308594,0.06704819653352542,1.000705599784851,13,3.440873146057129,13.550030708312988,1.0007380247116089,"[2.05424, 1.75513, 1.43828, 1.11814, 1.05643, 0.95631, 0.77881, 0.55093]"
model.layers.17.self_attn.o_proj.weight,b_vs_c,"(3584, 3584)",False,3.657102346420288,56.83274841308594,0.06434850413776975,1.0007485151290894,12,3.267404079437256,12.402070999145508,1.0007836818695068,"[2.02319, 1.6484, 1.514, 1.38043, 0.9373, 0.67109, 0.57525, 0.43715]"
model.layers.17.self_attn.o_proj.weight,a_vs_b,"(3584, 3584)",False,4.967744827270508,56.83274841308594,0.08740989950305952,0.9615800380706787,23,6.050847053527832,23.376432418823242,0.9993230104446411,"[2.01953, 1.91314, 1.6628, 1.63512, 1.47503, 1.32868, 1.22988, 1.11843]"
model.layers.17.self_attn.q_proj.bias,a_vs_c,"(3584,)",True,0.0,77.7809066772461,0.0,nan,,nan,nan,nan,
model.layers.17.self_attn.q_proj.bias,b_vs_c,"(3584,)",True,0.0,77.7809066772461,0.0,nan,,nan,nan,nan,
model.layers.17.self_attn.q_proj.bias,a_vs_b,"(3584,)",True,0.0,77.7809066772461,0.0,nan,,nan,nan,nan,
model.layers.17.self_attn.q_proj.weight,a_vs_c,"(3584, 3584)",False,3.70371413230896,61.21364974975586,0.06050471010060516,1.0007846355438232,13,1.7922999858856201,12.580409049987793,1.0008270740509033,"[2.76651, 1.40026, 1.12647, 0.89606, 0.80641, 0.56323, 0.52765, 0.42705]"
model.layers.17.self_attn.q_proj.weight,b_vs_c,"(3584, 3584)",False,3.5541000366210938,61.21364974975586,0.05806058046122742,1.0007380247116089,13,2.037196636199951,12.545493125915527,1.0007842779159546,"[2.49008, 1.50774, 1.3419, 0.79236, 0.68403, 0.55309, 0.473, 0.40152]"
model.layers.17.self_attn.q_proj.weight,a_vs_b,"(3584, 3584)",False,4.882744789123535,61.21364974975586,0.07976562105158595,0.9682459831237793,22,3.2412168979644775,21.7441349029541,0.9993661642074585,"[2.71213, 2.3144, 1.56099, 1.32521, 1.19725, 1.05531, 0.89495, 0.81698]"
model.layers.17.self_attn.v_proj.bias,a_vs_c,"(512,)",True,0.0,1.3794001340866089,0.0,nan,,nan,nan,nan,
model.layers.17.self_attn.v_proj.bias,b_vs_c,"(512,)",True,0.0,1.3794001340866089,0.0,nan,,nan,nan,nan,
model.layers.17.self_attn.v_proj.bias,a_vs_b,"(512,)",True,0.0,1.3794001340866089,0.0,nan,,nan,nan,nan,
model.layers.17.self_attn.v_proj.weight,a_vs_c,"(512, 3584)",False,1.1539397239685059,22.07790756225586,0.05226671597906625,0.9993686079978943,13,2.8302178382873535,13.58584976196289,0.9995207786560059,"[0.68592, 0.6166, 0.39619, 0.29344, 0.28831, 0.20978, 0.1759, 0.14014]"
model.layers.17.self_attn.v_proj.weight,b_vs_c,"(512, 3584)",False,1.1943687200546265,22.07790756225586,0.05409791288810837,0.999447762966156,12,2.1534769535064697,12.521739959716797,0.9995908737182617,"[0.81389, 0.66108, 0.3078, 0.26247, 0.2105, 0.19256, 0.15252, 0.1223]"
model.layers.17.self_attn.v_proj.weight,a_vs_b,"(512, 3584)",False,1.555344581604004,22.07790756225586,0.07044800677864071,0.9762371778488159,21,4.108124256134033,21.74374008178711,0.9994171261787415,"[0.76737, 0.68643, 0.61839, 0.54894, 0.39279, 0.29799, 0.27501, 0.26286]"
model.layers.18.input_layernorm.weight,a_vs_c,"(3584,)",True,0.0,66.10709381103516,0.0,nan,,nan,nan,nan,
model.layers.18.input_layernorm.weight,b_vs_c,"(3584,)",True,0.0,66.10709381103516,0.0,nan,,nan,nan,nan,
model.layers.18.input_layernorm.weight,a_vs_b,"(3584,)",True,0.0,66.10709381103516,0.0,nan,,nan,nan,nan,
model.layers.18.mlp.down_proj.weight,a_vs_c,"(3584, 18944)",True,0.0,136.90432739257812,0.0,nan,,nan,nan,nan,
model.layers.18.mlp.down_proj.weight,b_vs_c,"(3584, 18944)",True,0.0,136.90432739257812,0.0,nan,,nan,nan,nan,
model.layers.18.mlp.down_proj.weight,a_vs_b,"(3584, 18944)",True,0.0,136.90432739257812,0.0,nan,,nan,nan,nan,
model.layers.18.mlp.gate_proj.weight,a_vs_c,"(18944, 3584)",True,0.0,132.34999084472656,0.0,nan,,nan,nan,nan,
model.layers.18.mlp.gate_proj.weight,b_vs_c,"(18944, 3584)",True,0.0,132.34999084472656,0.0,nan,,nan,nan,nan,
model.layers.18.mlp.gate_proj.weight,a_vs_b,"(18944, 3584)",True,0.0,132.34999084472656,0.0,nan,,nan,nan,nan,
model.layers.18.mlp.up_proj.weight,a_vs_c,"(18944, 3584)",True,0.0,139.77610778808594,0.0,nan,,nan,nan,nan,
model.layers.18.mlp.up_proj.weight,b_vs_c,"(18944, 3584)",True,0.0,139.77610778808594,0.0,nan,,nan,nan,nan,
model.layers.18.mlp.up_proj.weight,a_vs_b,"(18944, 3584)",True,0.0,139.77610778808594,0.0,nan,,nan,nan,nan,
model.layers.18.post_attention_layernorm.weight,a_vs_c,"(3584,)",True,0.0,55.72322463989258,0.0,nan,,nan,nan,nan,
model.layers.18.post_attention_layernorm.weight,b_vs_c,"(3584,)",True,0.0,55.72322463989258,0.0,nan,,nan,nan,nan,
model.layers.18.post_attention_layernorm.weight,a_vs_b,"(3584,)",True,0.0,55.72322463989258,0.0,nan,,nan,nan,nan,
model.layers.18.self_attn.k_proj.bias,a_vs_c,"(512,)",True,0.0,21.95378875732422,0.0,nan,,nan,nan,nan,
model.layers.18.self_attn.k_proj.bias,b_vs_c,"(512,)",True,0.0,21.95378875732422,0.0,nan,,nan,nan,nan,
model.layers.18.self_attn.k_proj.bias,a_vs_b,"(512,)",True,0.0,21.95378875732422,0.0,nan,,nan,nan,nan,
model.layers.18.self_attn.k_proj.weight,a_vs_c,"(512, 3584)",False,1.345399260520935,23.11329460144043,0.058208891623658415,0.9994885325431824,14,1.7925293445587158,13.9872465133667,0.9996389150619507,"[1.00489, 0.44242, 0.41126, 0.34719, 0.29077, 0.23192, 0.20435, 0.17379]"
model.layers.18.self_attn.k_proj.weight,b_vs_c,"(512, 3584)",False,1.3721048831939697,23.11329460144043,0.059364314211979956,0.9995103478431702,14,1.9426194429397583,13.891922950744629,0.9996548891067505,"[0.98445, 0.55267, 0.4899, 0.3288, 0.20282, 0.19326, 0.18753, 0.15809]"
model.layers.18.self_attn.k_proj.weight,a_vs_b,"(512, 3584)",False,1.807971715927124,23.11329460144043,0.07822215513207063,0.9706060886383057,21,3.1504881381988525,22.241458892822266,0.9996463060379028,"[1.0186, 0.854, 0.55321, 0.50015, 0.4045, 0.3882, 0.34245, 0.31657]"
model.layers.18.self_attn.o_proj.weight,a_vs_c,"(3584, 3584)",False,3.6932790279388428,60.77348327636719,0.06077122502825238,1.0007904767990112,14,3.1180613040924072,13.751263618469238,1.0008392333984375,"[2.09156, 1.64489, 1.43281, 1.25224, 0.83053, 0.81125, 0.63101, 0.52596]"
model.layers.18.self_attn.o_proj.weight,b_vs_c,"(3584, 3584)",False,3.5494210720062256,60.77348327636719,0.058404107855152,1.0007380247116089,14,3.5292506217956543,14.217644691467285,1.000791072845459,"[1.88937, 1.59166, 1.34051, 1.14593, 0.94721, 0.82383, 0.68212, 0.54949]"
model.layers.18.self_attn.o_proj.weight,a_vs_b,"(3584, 3584)",False,4.810558795928955,60.77348327636719,0.07915555496552595,0.9402525424957275,25,5.368931770324707,25.255043029785156,0.999409019947052,"[2.07612, 1.73569, 1.65213, 1.46217, 1.3513, 1.19605, 1.12378, 1.07392]"
model.layers.18.self_attn.q_proj.bias,a_vs_c,"(3584,)",True,0.0,148.18801879882812,0.0,nan,,nan,nan,nan,
model.layers.18.self_attn.q_proj.bias,b_vs_c,"(3584,)",True,0.0,148.18801879882812,0.0,nan,,nan,nan,nan,
model.layers.18.self_attn.q_proj.bias,a_vs_b,"(3584,)",True,0.0,148.18801879882812,0.0,nan,,nan,nan,nan,
model.layers.18.self_attn.q_proj.weight,a_vs_c,"(3584, 3584)",False,4.070359706878662,57.727108001708984,0.07051036935295911,1.0006521940231323,13,1.5202767848968506,11.868158340454102,1.0006818771362305,"[3.3012, 1.32984, 1.13317, 0.76734, 0.68027, 0.64611, 0.51128, 0.47538]"
model.layers.18.self_attn.q_proj.weight,b_vs_c,"(3584, 3584)",False,3.8899948596954346,57.727108001708984,0.06738593001368219,1.0007327795028687,13,1.9083950519561768,12.135985374450684,1.0007655620574951,"[2.81588, 1.7572, 1.19239, 0.94063, 0.69697, 0.51217, 0.47518, 0.45269]"
model.layers.18.self_attn.q_proj.weight,a_vs_b,"(3584, 3584)",False,5.409352779388428,57.727108001708984,0.09370559112762562,0.9706428050994873,22,2.589120388031006,21.105005264282227,0.9992298483848572,"[3.36178, 2.48816, 1.77983, 1.27847, 1.12948, 1.02065, 0.90685, 0.75284]"
model.layers.18.self_attn.v_proj.bias,a_vs_c,"(512,)",True,0.0,1.5182030200958252,0.0,nan,,nan,nan,nan,
model.layers.18.self_attn.v_proj.bias,b_vs_c,"(512,)",True,0.0,1.5182030200958252,0.0,nan,,nan,nan,nan,
model.layers.18.self_attn.v_proj.bias,a_vs_b,"(512,)",True,0.0,1.5182030200958252,0.0,nan,,nan,nan,nan,
model.layers.18.self_attn.v_proj.weight,a_vs_c,"(512, 3584)",False,1.4616917371749878,24.89302635192871,0.05871892458996798,0.9995343089103699,14,2.190971612930298,13.428085327148438,0.9996494054794312,"[0.9875, 0.75959, 0.41713, 0.27759, 0.27258, 0.23722, 0.22498, 0.19962]"
model.layers.18.self_attn.v_proj.weight,b_vs_c,"(512, 3584)",False,1.3724364042282104,24.89302635192871,0.05513336887308096,0.9993852376937866,13,2.409961223602295,13.55268669128418,0.9995166063308716,"[0.88407, 0.6867, 0.46226, 0.33681, 0.26437, 0.24425, 0.20456, 0.18884]"
model.layers.18.self_attn.v_proj.weight,a_vs_b,"(512, 3584)",False,1.8354603052139282,24.89302635192871,0.07373391564628769,0.9626560211181641,23,4.188743591308594,23.29844093322754,0.9995681643486023,"[0.89682, 0.78268, 0.71321, 0.6342, 0.45792, 0.37134, 0.33664, 0.29665]"
model.layers.19.input_layernorm.weight,a_vs_c,"(3584,)",True,0.0,65.07389831542969,0.0,nan,,nan,nan,nan,
model.layers.19.input_layernorm.weight,b_vs_c,"(3584,)",True,0.0,65.07389831542969,0.0,nan,,nan,nan,nan,
model.layers.19.input_layernorm.weight,a_vs_b,"(3584,)",True,0.0,65.07389831542969,0.0,nan,,nan,nan,nan,
model.layers.19.mlp.down_proj.weight,a_vs_c,"(3584, 18944)",True,0.0,136.16038513183594,0.0,nan,,nan,nan,nan,
model.layers.19.mlp.down_proj.weight,b_vs_c,"(3584, 18944)",True,0.0,136.16038513183594,0.0,nan,,nan,nan,nan,
model.layers.19.mlp.down_proj.weight,a_vs_b,"(3584, 18944)",True,0.0,136.16038513183594,0.0,nan,,nan,nan,nan,
model.layers.19.mlp.gate_proj.weight,a_vs_c,"(18944, 3584)",True,0.0,134.13619995117188,0.0,nan,,nan,nan,nan,
model.layers.19.mlp.gate_proj.weight,b_vs_c,"(18944, 3584)",True,0.0,134.13619995117188,0.0,nan,,nan,nan,nan,
model.layers.19.mlp.gate_proj.weight,a_vs_b,"(18944, 3584)",True,0.0,134.13619995117188,0.0,nan,,nan,nan,nan,
model.layers.19.mlp.up_proj.weight,a_vs_c,"(18944, 3584)",True,0.0,139.46250915527344,0.0,nan,,nan,nan,nan,
model.layers.19.mlp.up_proj.weight,b_vs_c,"(18944, 3584)",True,0.0,139.46250915527344,0.0,nan,,nan,nan,nan,
model.layers.19.mlp.up_proj.weight,a_vs_b,"(18944, 3584)",True,0.0,139.46250915527344,0.0,nan,,nan,nan,nan,
model.layers.19.post_attention_layernorm.weight,a_vs_c,"(3584,)",True,0.0,58.32222366333008,0.0,nan,,nan,nan,nan,
model.layers.19.post_attention_layernorm.weight,b_vs_c,"(3584,)",True,0.0,58.32222366333008,0.0,nan,,nan,nan,nan,
model.layers.19.post_attention_layernorm.weight,a_vs_b,"(3584,)",True,0.0,58.32222366333008,0.0,nan,,nan,nan,nan,
model.layers.19.self_attn.k_proj.bias,a_vs_c,"(512,)",True,0.0,57.77132034301758,0.0,nan,,nan,nan,nan,
model.layers.19.self_attn.k_proj.bias,b_vs_c,"(512,)",True,0.0,57.77132034301758,0.0,nan,,nan,nan,nan,
model.layers.19.self_attn.k_proj.bias,a_vs_b,"(512,)",True,0.0,57.77132034301758,0.0,nan,,nan,nan,nan,
model.layers.19.self_attn.k_proj.weight,a_vs_c,"(512, 3584)",False,1.4914153814315796,21.27993392944336,0.07008552688070269,0.9997745752334595,14,1.5671427249908447,12.781184196472168,0.9998903274536133,"[1.19136, 0.61545, 0.33755, 0.22824, 0.21653, 0.20709, 0.19815, 0.17575]"
model.layers.19.self_attn.k_proj.weight,b_vs_c,"(512, 3584)",False,1.4275143146514893,21.27993392944336,0.0670826478777902,0.9996891617774963,14,1.569854974746704,12.906648635864258,0.9998155832290649,"[1.13933, 0.53632, 0.36484, 0.2952, 0.22907, 0.19796, 0.17507, 0.14233]"
model.layers.19.self_attn.k_proj.weight,a_vs_b,"(512, 3584)",False,1.9315906763076782,21.27993392944336,0.09077052037436494,0.9794663786888123,19,2.770350456237793,20.266963958740234,0.9998189806938171,"[1.16051, 1.01738, 0.5917, 0.50597, 0.36717, 0.31494, 0.30809, 0.23656]"
model.layers.19.self_attn.o_proj.weight,a_vs_c,"(3584, 3584)",False,3.615821599960327,59.55854797363281,0.06071037194461304,1.0008587837219238,13,1.9148768186569214,13.197463989257812,1.0008974075317383,"[2.61298, 1.28114, 1.06383, 0.84507, 0.80939, 0.71321, 0.62742, 0.55665]"
model.layers.19.self_attn.o_proj.weight,b_vs_c,"(3584, 3584)",False,3.344027042388916,59.55854797363281,0.0561468866546134,1.0008350610733032,12,1.8713593482971191,12.210162162780762,1.0008798837661743,"[2.44451, 1.24583, 1.15493, 0.88529, 0.65538, 0.5589, 0.48119, 0.42413]"
model.layers.19.self_attn.o_proj.weight,a_vs_b,"(3584, 3584)",False,4.555819511413574,59.55854797363281,0.07649312594777298,0.9622006416320801,22,3.293652296066284,22.797101974487305,0.9996205568313599,"[2.51031, 2.20332, 1.2674, 1.21273, 1.03491, 0.95727, 0.82521, 0.73804]"
model.layers.19.self_attn.q_proj.bias,a_vs_c,"(3584,)",True,0.0,170.79537963867188,0.0,nan,,nan,nan,nan,
model.layers.19.self_attn.q_proj.bias,b_vs_c,"(3584,)",True,0.0,170.79537963867188,0.0,nan,,nan,nan,nan,
model.layers.19.self_attn.q_proj.bias,a_vs_b,"(3584,)",True,0.0,170.79537963867188,0.0,nan,,nan,nan,nan,
model.layers.19.self_attn.q_proj.weight,a_vs_c,"(3584, 3584)",False,4.214466571807861,57.36650848388672,0.07346562799776517,1.0005332231521606,13,1.8464208841323853,11.986841201782227,1.0005595684051514,"[3.10154, 1.80311, 1.34804, 0.87503, 0.75475, 0.66666, 0.59876, 0.49217]"
model.layers.19.self_attn.q_proj.weight,b_vs_c,"(3584, 3584)",False,4.083388328552246,57.36650848388672,0.071180701710288,1.000669002532959,12,1.7768402099609375,11.625711441040039,1.0006974935531616,"[3.06335, 1.65368, 1.38218, 0.89524, 0.72976, 0.54133, 0.50093, 0.4607]"
model.layers.19.self_attn.q_proj.weight,a_vs_b,"(3584, 3584)",False,5.651649475097656,57.36650848388672,0.09851827528748955,0.9723846912384033,22,2.9857165813446045,21.060766220092773,0.9992337226867676,"[3.27078, 2.69429, 1.79133, 1.58219, 1.36034, 1.19171, 0.91292, 0.81091]"
model.layers.19.self_attn.v_proj.bias,a_vs_c,"(512,)",True,0.0,3.296734094619751,0.0,nan,,nan,nan,nan,
model.layers.19.self_attn.v_proj.bias,b_vs_c,"(512,)",True,0.0,3.296734094619751,0.0,nan,,nan,nan,nan,
model.layers.19.self_attn.v_proj.bias,a_vs_b,"(512,)",True,0.0,3.296734094619751,0.0,nan,,nan,nan,nan,
model.layers.19.self_attn.v_proj.weight,a_vs_c,"(512, 3584)",False,1.4212894439697266,25.054658889770508,0.05672755116015651,0.9994626045227051,15,2.196659564971924,14.900976181030273,0.9995912909507751,"[0.95896, 0.52163, 0.43782, 0.41485, 0.31972, 0.25309, 0.24197, 0.22032]"
model.layers.19.self_attn.v_proj.weight,b_vs_c,"(512, 3584)",False,1.3719536066055298,25.054658889770508,0.054758422880212536,0.9993871450424194,15,2.423016309738159,14.774465560913086,0.9995241761207581,"[0.88138, 0.52073, 0.45882, 0.39803, 0.35025, 0.30923, 0.24085, 0.2034]"
model.layers.19.self_attn.v_proj.weight,a_vs_b,"(512, 3584)",False,1.8110023736953735,25.054658889770508,0.07228206066037413,0.9362646341323853,25,4.186252117156982,25.984766006469727,0.9995868802070618,"[0.88513, 0.80056, 0.49636, 0.45934, 0.45185, 0.42543, 0.40057, 0.3444]"
model.layers.2.input_layernorm.weight,a_vs_c,"(3584,)",True,0.0,26.16549301147461,0.0,nan,,nan,nan,nan,
model.layers.2.input_layernorm.weight,b_vs_c,"(3584,)",True,0.0,26.16549301147461,0.0,nan,,nan,nan,nan,
model.layers.2.input_layernorm.weight,a_vs_b,"(3584,)",True,0.0,26.16549301147461,0.0,nan,,nan,nan,nan,
model.layers.2.mlp.down_proj.weight,a_vs_c,"(3584, 18944)",True,0.0,114.77550506591797,0.0,nan,,nan,nan,nan,
model.layers.2.mlp.down_proj.weight,b_vs_c,"(3584, 18944)",True,0.0,114.77550506591797,0.0,nan,,nan,nan,nan,
model.layers.2.mlp.down_proj.weight,a_vs_b,"(3584, 18944)",True,0.0,114.77550506591797,0.0,nan,,nan,nan,nan,
model.layers.2.mlp.gate_proj.weight,a_vs_c,"(18944, 3584)",True,0.0,137.99209594726562,0.0,nan,,nan,nan,nan,
model.layers.2.mlp.gate_proj.weight,b_vs_c,"(18944, 3584)",True,0.0,137.99209594726562,0.0,nan,,nan,nan,nan,
model.layers.2.mlp.gate_proj.weight,a_vs_b,"(18944, 3584)",True,0.0,137.99209594726562,0.0,nan,,nan,nan,nan,
model.layers.2.mlp.up_proj.weight,a_vs_c,"(18944, 3584)",True,0.0,111.89690399169922,0.0,nan,,nan,nan,nan,
model.layers.2.mlp.up_proj.weight,b_vs_c,"(18944, 3584)",True,0.0,111.89690399169922,0.0,nan,,nan,nan,nan,
model.layers.2.mlp.up_proj.weight,a_vs_b,"(18944, 3584)",True,0.0,111.89690399169922,0.0,nan,,nan,nan,nan,
model.layers.2.post_attention_layernorm.weight,a_vs_c,"(3584,)",True,0.0,47.727813720703125,0.0,nan,,nan,nan,nan,
model.layers.2.post_attention_layernorm.weight,b_vs_c,"(3584,)",True,0.0,47.727813720703125,0.0,nan,,nan,nan,nan,
model.layers.2.post_attention_layernorm.weight,a_vs_b,"(3584,)",True,0.0,47.727813720703125,0.0,nan,,nan,nan,nan,
model.layers.2.self_attn.k_proj.bias,a_vs_c,"(512,)",True,0.0,64.38502502441406,0.0,nan,,nan,nan,nan,
model.layers.2.self_attn.k_proj.bias,b_vs_c,"(512,)",True,0.0,64.38502502441406,0.0,nan,,nan,nan,nan,
model.layers.2.self_attn.k_proj.bias,a_vs_b,"(512,)",True,0.0,64.38502502441406,0.0,nan,,nan,nan,nan,
model.layers.2.self_attn.k_proj.weight,a_vs_c,"(512, 3584)",False,1.32892644405365,31.770132064819336,0.04182942775756469,0.9987108111381531,14,2.193427085876465,14.062514305114746,0.9989979267120361,"[0.8973, 0.61552, 0.51888, 0.29458, 0.22195, 0.20605, 0.18508, 0.15129]"
model.layers.2.self_attn.k_proj.weight,b_vs_c,"(512, 3584)",False,1.5215198993682861,31.770132064819336,0.04789151950215346,0.9992523193359375,12,1.7132624387741089,11.768295288085938,0.9994714856147766,"[1.16243, 0.81827, 0.31376, 0.23992, 0.17262, 0.14356, 0.13541, 0.11511]"
model.layers.2.self_attn.k_proj.weight,a_vs_b,"(512, 3584)",False,1.8277451992034912,31.770132064819336,0.0575302990706622,0.9840095043182373,19,2.777879476547241,19.63468360900879,0.999133825302124,"[1.09663, 0.81292, 0.73102, 0.54852, 0.44676, 0.28962, 0.26657, 0.22161]"
model.layers.2.self_attn.o_proj.weight,a_vs_c,"(3584, 3584)",False,3.6512234210968018,50.620033264160156,0.07213000833173948,1.0007282495498657,11,1.959617257118225,10.608081817626953,1.0007535219192505,"[2.60827, 1.96247, 1.07891, 0.75792, 0.5119, 0.42085, 0.36211, 0.30332]"
model.layers.2.self_attn.o_proj.weight,b_vs_c,"(3584, 3584)",False,3.5157032012939453,50.620033264160156,0.06945280306212527,1.000762701034546,11,2.013730764389038,10.28976821899414,1.0007901191711426,"[2.47749, 2.10136, 0.84743, 0.52795, 0.44944, 0.39314, 0.35461, 0.31901]"
model.layers.2.self_attn.o_proj.weight,a_vs_b,"(3584, 3584)",False,4.48875093460083,50.620033264160156,0.08867538492470613,0.9864546060562134,18,3.4178354740142822,17.96039581298828,0.999636709690094,"[2.42801, 2.16764, 1.91865, 1.50204, 1.1056, 0.72152, 0.65668, 0.53651]"
model.layers.2.self_attn.q_proj.bias,a_vs_c,"(3584,)",True,0.0,58.40727615356445,0.0,nan,,nan,nan,nan,
model.layers.2.self_attn.q_proj.bias,b_vs_c,"(3584,)",True,0.0,58.40727615356445,0.0,nan,,nan,nan,nan,
model.layers.2.self_attn.q_proj.bias,a_vs_b,"(3584,)",True,0.0,58.40727615356445,0.0,nan,,nan,nan,nan,
model.layers.2.self_attn.q_proj.weight,a_vs_c,"(3584, 3584)",False,3.6413838863372803,65.34935760498047,0.05572180079180701,1.0010921955108643,13,2.268303871154785,13.032713890075684,1.0011367797851562,"[2.41777, 1.53911, 1.42209, 0.92407, 0.79429, 0.60663, 0.47935, 0.46897]"
model.layers.2.self_attn.q_proj.weight,b_vs_c,"(3584, 3584)",False,3.683295726776123,65.34935760498047,0.05636315124994294,1.001149296760559,13,1.9354432821273804,12.975561141967773,1.0011929273605347,"[2.64756, 1.50074, 1.04285, 0.94788, 0.83255, 0.64753, 0.53749, 0.44271]"
model.layers.2.self_attn.q_proj.weight,a_vs_b,"(3584, 3584)",False,4.777963638305664,65.34935760498047,0.0731141638329054,0.9632847905158997,22,3.452955961227417,22.51775360107422,0.9995389580726624,"[2.57127, 2.19181, 1.46144, 1.43306, 1.21663, 0.9395, 0.90897, 0.84212]"
model.layers.2.self_attn.v_proj.bias,a_vs_c,"(512,)",True,0.0,1.252776026725769,0.0,nan,,nan,nan,nan,
model.layers.2.self_attn.v_proj.bias,b_vs_c,"(512,)",True,0.0,1.252776026725769,0.0,nan,,nan,nan,nan,
model.layers.2.self_attn.v_proj.bias,a_vs_b,"(512,)",True,0.0,1.252776026725769,0.0,nan,,nan,nan,nan,
model.layers.2.self_attn.v_proj.weight,a_vs_c,"(512, 3584)",False,0.9908326268196106,14.764898300170898,0.06710731131877434,0.9998316764831543,13,2.6964499950408936,12.60301399230957,0.9999232888221741,"[0.6034, 0.51845, 0.44762, 0.21609, 0.14628, 0.13104, 0.11634, 0.10031]"
model.layers.2.self_attn.v_proj.weight,b_vs_c,"(512, 3584)",False,1.024274230003357,14.764898300170898,0.06937225094137636,0.9998676180839539,12,1.7623772621154785,11.488536834716797,0.9999539852142334,"[0.77155, 0.48188, 0.34076, 0.18132, 0.12019, 0.11256, 0.09954, 0.0843]"
model.layers.2.self_attn.v_proj.weight,a_vs_b,"(512, 3584)",False,1.2824465036392212,14.764898300170898,0.08685779458598623,0.9830843210220337,19,3.2439985275268555,19.60527801513672,0.9996784925460815,"[0.71203, 0.55745, 0.46837, 0.43481, 0.38131, 0.28329, 0.21697, 0.15453]"
model.layers.20.input_layernorm.weight,a_vs_c,"(3584,)",True,0.0,63.382022857666016,0.0,nan,,nan,nan,nan,
model.layers.20.input_layernorm.weight,b_vs_c,"(3584,)",True,0.0,63.382022857666016,0.0,nan,,nan,nan,nan,
model.layers.20.input_layernorm.weight,a_vs_b,"(3584,)",True,0.0,63.382022857666016,0.0,nan,,nan,nan,nan,
model.layers.20.mlp.down_proj.weight,a_vs_c,"(3584, 18944)",True,0.0,136.98927307128906,0.0,nan,,nan,nan,nan,
model.layers.20.mlp.down_proj.weight,b_vs_c,"(3584, 18944)",True,0.0,136.98927307128906,0.0,nan,,nan,nan,nan,
model.layers.20.mlp.down_proj.weight,a_vs_b,"(3584, 18944)",True,0.0,136.98927307128906,0.0,nan,,nan,nan,nan,
model.layers.20.mlp.gate_proj.weight,a_vs_c,"(18944, 3584)",True,0.0,133.6063232421875,0.0,nan,,nan,nan,nan,
model.layers.20.mlp.gate_proj.weight,b_vs_c,"(18944, 3584)",True,0.0,133.6063232421875,0.0,nan,,nan,nan,nan,
model.layers.20.mlp.gate_proj.weight,a_vs_b,"(18944, 3584)",True,0.0,133.6063232421875,0.0,nan,,nan,nan,nan,
model.layers.20.mlp.up_proj.weight,a_vs_c,"(18944, 3584)",True,0.0,140.1681671142578,0.0,nan,,nan,nan,nan,
model.layers.20.mlp.up_proj.weight,b_vs_c,"(18944, 3584)",True,0.0,140.1681671142578,0.0,nan,,nan,nan,nan,
model.layers.20.mlp.up_proj.weight,a_vs_b,"(18944, 3584)",True,0.0,140.1681671142578,0.0,nan,,nan,nan,nan,
model.layers.20.post_attention_layernorm.weight,a_vs_c,"(3584,)",True,0.0,60.90281677246094,0.0,nan,,nan,nan,nan,
model.layers.20.post_attention_layernorm.weight,b_vs_c,"(3584,)",True,0.0,60.90281677246094,0.0,nan,,nan,nan,nan,
model.layers.20.post_attention_layernorm.weight,a_vs_b,"(3584,)",True,0.0,60.90281677246094,0.0,nan,,nan,nan,nan,
model.layers.20.self_attn.k_proj.bias,a_vs_c,"(512,)",True,0.0,16.179548263549805,0.0,nan,,nan,nan,nan,
model.layers.20.self_attn.k_proj.bias,b_vs_c,"(512,)",True,0.0,16.179548263549805,0.0,nan,,nan,nan,nan,
model.layers.20.self_attn.k_proj.bias,a_vs_b,"(512,)",True,0.0,16.179548263549805,0.0,nan,,nan,nan,nan,
model.layers.20.self_attn.k_proj.weight,a_vs_c,"(512, 3584)",False,1.4297987222671509,22.319252014160156,0.06406122935302823,0.9996151328086853,14,3.4187917709350586,14.666181564331055,0.9997369050979614,"[0.77328, 0.6234, 0.49528, 0.47343, 0.39542, 0.35633, 0.32177, 0.25504]"
model.layers.20.self_attn.k_proj.weight,b_vs_c,"(512, 3584)",False,1.6095571517944336,22.319252014160156,0.0721151923358933,0.9998794198036194,13,2.3911402225494385,12.390802383422852,0.9999762773513794,"[1.04089, 0.94418, 0.45617, 0.33266, 0.29288, 0.23592, 0.21413, 0.1477]"
model.layers.20.self_attn.k_proj.weight,a_vs_b,"(512, 3584)",False,2.0254390239715576,22.319252014160156,0.09074851714056298,0.9687954783439636,21,4.181233882904053,22.36069107055664,0.9998171925544739,"[0.99053, 0.90077, 0.7225, 0.59235, 0.54797, 0.45605, 0.39054, 0.36692]"
model.layers.20.self_attn.o_proj.weight,a_vs_c,"(3584, 3584)",False,4.1939167976379395,60.84767150878906,0.0689248527288699,1.0005300045013428,13,2.2572314739227295,12.528733253479004,1.0005664825439453,"[2.79146, 1.80071, 1.5744, 1.20977, 0.83158, 0.65746, 0.60235, 0.55478]"
model.layers.20.self_attn.o_proj.weight,b_vs_c,"(3584, 3584)",False,4.138319492340088,60.84767150878906,0.06801113978112266,1.000595211982727,11,2.718604803085327,12.143328666687012,1.0006320476531982,"[2.50987, 2.04597, 1.37855, 1.25834, 1.0596, 0.86843, 0.64284, 0.54028]"
model.layers.20.self_attn.o_proj.weight,a_vs_b,"(3584, 3584)",False,5.603100776672363,60.84767150878906,0.09208406234350366,0.9682381749153137,22,4.277271270751953,22.496986389160156,0.9992116093635559,"[2.70922, 2.30421, 2.07892, 1.70784, 1.50312, 1.34798, 1.13706, 1.06385]"
model.layers.20.self_attn.q_proj.bias,a_vs_c,"(3584,)",True,0.0,79.29751586914062,0.0,nan,,nan,nan,nan,
model.layers.20.self_attn.q_proj.bias,b_vs_c,"(3584,)",True,0.0,79.29751586914062,0.0,nan,,nan,nan,nan,
model.layers.20.self_attn.q_proj.bias,a_vs_b,"(3584,)",True,0.0,79.29751586914062,0.0,nan,,nan,nan,nan,
model.layers.20.self_attn.q_proj.weight,a_vs_c,"(3584, 3584)",False,4.318277359008789,58.6688346862793,0.07360428040031775,1.0004174709320068,12,1.9939019680023193,11.835705757141113,1.0004435777664185,"[3.05815, 1.75297, 1.54167, 1.31331, 0.73396, 0.65729, 0.50561, 0.48747]"
model.layers.20.self_attn.q_proj.weight,b_vs_c,"(3584, 3584)",False,4.46127986907959,58.6688346862793,0.07604173310984368,1.0002100467681885,12,2.1604411602020264,11.579020500183105,1.0002344846725464,"[3.03521, 2.05898, 1.55115, 1.29733, 0.87373, 0.72268, 0.56246, 0.46478]"
model.layers.20.self_attn.q_proj.weight,a_vs_b,"(3584, 3584)",False,5.9511284828186035,58.6688346862793,0.10143594149502301,0.9763355851173401,21,3.509300947189331,20.908981323242188,0.9994384050369263,"[3.17679, 2.71604, 1.94695, 1.65899, 1.55276, 1.47168, 1.31805, 1.07164]"
model.layers.20.self_attn.v_proj.bias,a_vs_c,"(512,)",True,0.0,2.4230167865753174,0.0,nan,,nan,nan,nan,
model.layers.20.self_attn.v_proj.bias,b_vs_c,"(512,)",True,0.0,2.4230167865753174,0.0,nan,,nan,nan,nan,
model.layers.20.self_attn.v_proj.bias,a_vs_b,"(512,)",True,0.0,2.4230167865753174,0.0,nan,,nan,nan,nan,
model.layers.20.self_attn.v_proj.weight,a_vs_c,"(512, 3584)",False,1.5894781351089478,25.890562057495117,0.061392183436543284,0.9996974468231201,12,1.9694874286651611,12.66696834564209,0.9998071193695068,"[1.1326, 0.71766, 0.45423, 0.39728, 0.31948, 0.27984, 0.23728, 0.21059]"
model.layers.20.self_attn.v_proj.weight,b_vs_c,"(512, 3584)",False,1.4827882051467896,25.890562057495117,0.05727137950323229,0.9995321035385132,12,1.9869834184646606,12.85378646850586,0.9996573328971863,"[1.05192, 0.6747, 0.43603, 0.36767, 0.30146, 0.24202, 0.2095, 0.19363]"
model.layers.20.self_attn.v_proj.weight,a_vs_b,"(512, 3584)",False,2.0480570793151855,25.890562057495117,0.07910438849365531,0.9755024313926697,21,3.406830310821533,21.78277587890625,0.9996849894523621,"[1.1096, 0.96612, 0.68419, 0.61887, 0.49065, 0.40441, 0.36523, 0.31287]"
model.layers.21.input_layernorm.weight,a_vs_c,"(3584,)",True,0.0,59.94219970703125,0.0,nan,,nan,nan,nan,
model.layers.21.input_layernorm.weight,b_vs_c,"(3584,)",True,0.0,59.94219970703125,0.0,nan,,nan,nan,nan,
model.layers.21.input_layernorm.weight,a_vs_b,"(3584,)",True,0.0,59.94219970703125,0.0,nan,,nan,nan,nan,
model.layers.21.mlp.down_proj.weight,a_vs_c,"(3584, 18944)",True,0.0,136.9502716064453,0.0,nan,,nan,nan,nan,
model.layers.21.mlp.down_proj.weight,b_vs_c,"(3584, 18944)",True,0.0,136.9502716064453,0.0,nan,,nan,nan,nan,
model.layers.21.mlp.down_proj.weight,a_vs_b,"(3584, 18944)",True,0.0,136.9502716064453,0.0,nan,,nan,nan,nan,
model.layers.21.mlp.gate_proj.weight,a_vs_c,"(18944, 3584)",True,0.0,135.70843505859375,0.0,nan,,nan,nan,nan,
model.layers.21.mlp.gate_proj.weight,b_vs_c,"(18944, 3584)",True,0.0,135.70843505859375,0.0,nan,,nan,nan,nan,
model.layers.21.mlp.gate_proj.weight,a_vs_b,"(18944, 3584)",True,0.0,135.70843505859375,0.0,nan,,nan,nan,nan,
model.layers.21.mlp.up_proj.weight,a_vs_c,"(18944, 3584)",True,0.0,140.15362548828125,0.0,nan,,nan,nan,nan,
model.layers.21.mlp.up_proj.weight,b_vs_c,"(18944, 3584)",True,0.0,140.15362548828125,0.0,nan,,nan,nan,nan,
model.layers.21.mlp.up_proj.weight,a_vs_b,"(18944, 3584)",True,0.0,140.15362548828125,0.0,nan,,nan,nan,nan,
model.layers.21.post_attention_layernorm.weight,a_vs_c,"(3584,)",True,0.0,66.64929962158203,0.0,nan,,nan,nan,nan,
model.layers.21.post_attention_layernorm.weight,b_vs_c,"(3584,)",True,0.0,66.64929962158203,0.0,nan,,nan,nan,nan,
model.layers.21.post_attention_layernorm.weight,a_vs_b,"(3584,)",True,0.0,66.64929962158203,0.0,nan,,nan,nan,nan,
model.layers.21.self_attn.k_proj.bias,a_vs_c,"(512,)",True,0.0,16.684141159057617,0.0,nan,,nan,nan,nan,
model.layers.21.self_attn.k_proj.bias,b_vs_c,"(512,)",True,0.0,16.684141159057617,0.0,nan,,nan,nan,nan,
model.layers.21.self_attn.k_proj.bias,a_vs_b,"(512,)",True,0.0,16.684141159057617,0.0,nan,,nan,nan,nan,
model.layers.21.self_attn.k_proj.weight,a_vs_c,"(512, 3584)",False,1.4777950048446655,19.950254440307617,0.0740739928538916,0.9998206496238708,15,3.6424124240875244,14.53016185760498,0.9999209642410278,"[0.77432, 0.75346, 0.58145, 0.45131, 0.34627, 0.26638, 0.23867, 0.21576]"
model.layers.21.self_attn.k_proj.weight,b_vs_c,"(512, 3584)",False,1.4202461242675781,19.950254440307617,0.07118937397600825,0.9997471570968628,14,2.536818027496338,13.950937271118164,0.9998555779457092,"[0.8917, 0.68341, 0.48874, 0.35903, 0.33383, 0.25976, 0.21451, 0.19683]"
model.layers.21.self_attn.k_proj.weight,a_vs_b,"(512, 3584)",False,1.9099855422973633,19.950254440307617,0.0957374026487811,0.9574074745178223,22,4.653178691864014,23.757776260375977,0.999866783618927,"[0.88543, 0.72387, 0.71515, 0.61562, 0.51942, 0.45024, 0.42776, 0.35202]"
model.layers.21.self_attn.o_proj.weight,a_vs_c,"(3584, 3584)",False,4.3753204345703125,63.18655776977539,0.06924448156381767,1.000309705734253,12,2.130394220352173,11.662120819091797,1.0003403425216675,"[2.99764, 2.14513, 1.27507, 1.08834, 1.01801, 0.74261, 0.6399, 0.4945]"
model.layers.21.self_attn.o_proj.weight,b_vs_c,"(3584, 3584)",False,3.970369577407837,63.18655776977539,0.062835668179206,1.0008734464645386,11,1.6260758638381958,11.013368606567383,1.0009104013442993,"[3.11358, 1.63623, 1.0256, 0.93492, 0.70518, 0.54376, 0.46256, 0.36793]"
model.layers.21.self_attn.o_proj.weight,a_vs_b,"(3584, 3584)",False,5.6385626792907715,63.18655776977539,0.08923674398968315,0.9815555810928345,20,3.5327587127685547,20.19263458251953,0.9992225766181946,"[2.99993, 2.86788, 2.04959, 1.51513, 1.26603, 1.10876, 1.00779, 0.98418]"
model.layers.21.self_attn.q_proj.bias,a_vs_c,"(3584,)",True,0.0,84.03852081298828,0.0,nan,,nan,nan,nan,
model.layers.21.self_attn.q_proj.bias,b_vs_c,"(3584,)",True,0.0,84.03852081298828,0.0,nan,,nan,nan,nan,
model.layers.21.self_attn.q_proj.bias,a_vs_b,"(3584,)",True,0.0,84.03852081298828,0.0,nan,,nan,nan,nan,
model.layers.21.self_attn.q_proj.weight,a_vs_c,"(3584, 3584)",False,4.147176265716553,57.081825256347656,0.07265318246380664,1.0003949403762817,14,2.1689865589141846,13.234298706054688,1.0004255771636963,"[2.81594, 1.83233, 1.14577, 1.02496, 0.92172, 0.79777, 0.70588, 0.67752]"
model.layers.21.self_attn.q_proj.weight,b_vs_c,"(3584, 3584)",False,4.278864860534668,57.081825256347656,0.07496019689837873,1.000289797782898,13,1.9488409757614136,12.271188735961914,1.0003186464309692,"[3.06507, 1.69724, 1.37764, 1.16647, 0.90903, 0.7116, 0.6487, 0.56437]"
model.layers.21.self_attn.q_proj.weight,a_vs_b,"(3584, 3584)",False,5.758937358856201,57.081825256347656,0.10088915925504312,0.9595854878425598,23,3.383568048477173,22.931840896606445,0.9993131160736084,"[3.1308, 2.6214, 1.84275, 1.57104, 1.34901, 1.15089, 1.09379, 0.9479]"
model.layers.21.self_attn.v_proj.bias,a_vs_c,"(512,)",True,0.0,2.1306240558624268,0.0,nan,,nan,nan,nan,
model.layers.21.self_attn.v_proj.bias,b_vs_c,"(512,)",True,0.0,2.1306240558624268,0.0,nan,,nan,nan,nan,
model.layers.21.self_attn.v_proj.bias,a_vs_b,"(512,)",True,0.0,2.1306240558624268,0.0,nan,,nan,nan,nan,
model.layers.21.self_attn.v_proj.weight,a_vs_c,"(512, 3584)",False,1.633993148803711,27.74821662902832,0.05888642036527627,0.9996213912963867,13,3.08931565284729,13.715550422668457,0.999739944934845,"[0.92965, 0.84756, 0.65377, 0.40332, 0.36932, 0.32536, 0.25142, 0.22433]"
model.layers.21.self_attn.v_proj.weight,b_vs_c,"(512, 3584)",False,1.4926668405532837,27.74821662902832,0.05379325311276963,0.9993825554847717,13,2.449359893798828,13.675374984741211,0.9995242357254028,"[0.95375, 0.6725, 0.52741, 0.42507, 0.35002, 0.29336, 0.27009, 0.17507]"
model.layers.21.self_attn.v_proj.weight,a_vs_b,"(512, 3584)",False,2.104795455932617,27.74821662902832,0.07585335966170603,0.9629079699516296,22,4.802461624145508,23.6538143157959,0.9995778799057007,"[0.96046, 0.84259, 0.80536, 0.67037, 0.5953, 0.51717, 0.42172, 0.39761]"
model.layers.22.input_layernorm.weight,a_vs_c,"(3584,)",True,0.0,62.66670608520508,0.0,nan,,nan,nan,nan,
model.layers.22.input_layernorm.weight,b_vs_c,"(3584,)",True,0.0,62.66670608520508,0.0,nan,,nan,nan,nan,
model.layers.22.input_layernorm.weight,a_vs_b,"(3584,)",True,0.0,62.66670608520508,0.0,nan,,nan,nan,nan,
model.layers.22.mlp.down_proj.weight,a_vs_c,"(3584, 18944)",True,0.0,137.9902801513672,0.0,nan,,nan,nan,nan,
model.layers.22.mlp.down_proj.weight,b_vs_c,"(3584, 18944)",True,0.0,137.9902801513672,0.0,nan,,nan,nan,nan,
model.layers.22.mlp.down_proj.weight,a_vs_b,"(3584, 18944)",True,0.0,137.9902801513672,0.0,nan,,nan,nan,nan,
model.layers.22.mlp.gate_proj.weight,a_vs_c,"(18944, 3584)",True,0.0,135.8865509033203,0.0,nan,,nan,nan,nan,
model.layers.22.mlp.gate_proj.weight,b_vs_c,"(18944, 3584)",True,0.0,135.8865509033203,0.0,nan,,nan,nan,nan,
model.layers.22.mlp.gate_proj.weight,a_vs_b,"(18944, 3584)",True,0.0,135.8865509033203,0.0,nan,,nan,nan,nan,
model.layers.22.mlp.up_proj.weight,a_vs_c,"(18944, 3584)",True,0.0,140.89122009277344,0.0,nan,,nan,nan,nan,
model.layers.22.mlp.up_proj.weight,b_vs_c,"(18944, 3584)",True,0.0,140.89122009277344,0.0,nan,,nan,nan,nan,
model.layers.22.mlp.up_proj.weight,a_vs_b,"(18944, 3584)",True,0.0,140.89122009277344,0.0,nan,,nan,nan,nan,
model.layers.22.post_attention_layernorm.weight,a_vs_c,"(3584,)",True,0.0,73.50001525878906,0.0,nan,,nan,nan,nan,
model.layers.22.post_attention_layernorm.weight,b_vs_c,"(3584,)",True,0.0,73.50001525878906,0.0,nan,,nan,nan,nan,
model.layers.22.post_attention_layernorm.weight,a_vs_b,"(3584,)",True,0.0,73.50001525878906,0.0,nan,,nan,nan,nan,
model.layers.22.self_attn.k_proj.bias,a_vs_c,"(512,)",True,0.0,15.573338508605957,0.0,nan,,nan,nan,nan,
model.layers.22.self_attn.k_proj.bias,b_vs_c,"(512,)",True,0.0,15.573338508605957,0.0,nan,,nan,nan,nan,
model.layers.22.self_attn.k_proj.bias,a_vs_b,"(512,)",True,0.0,15.573338508605957,0.0,nan,,nan,nan,nan,
model.layers.22.self_attn.k_proj.weight,a_vs_c,"(512, 3584)",False,1.533835768699646,19.45240020751953,0.07885072033973091,0.9998885989189148,14,2.172576427459717,13.707612991333008,0.9999846816062927,"[1.04062, 0.62562, 0.52492, 0.39539, 0.35648, 0.31626, 0.21964, 0.1889]"
model.layers.22.self_attn.k_proj.weight,b_vs_c,"(512, 3584)",False,1.3378392457962036,19.45240020751953,0.06877502166951345,0.9996664524078369,14,3.5122179985046387,14.879742622375488,0.9997934103012085,"[0.71386, 0.5905, 0.53035, 0.46324, 0.31318, 0.29551, 0.23582, 0.21293]"
model.layers.22.self_attn.k_proj.weight,a_vs_b,"(512, 3584)",False,1.942433476448059,19.45240020751953,0.09985572246746141,0.9593619108200073,23,3.5077836513519287,23.80455207824707,0.9998982548713684,"[1.03712, 0.74248, 0.59758, 0.5836, 0.51557, 0.47865, 0.41933, 0.36163]"
model.layers.22.self_attn.o_proj.weight,a_vs_c,"(3584, 3584)",False,5.0836639404296875,63.47041702270508,0.08009501400646421,0.9999582767486572,10,1.5905156135559082,9.821073532104492,0.9999803900718689,"[4.03095, 2.15465, 1.43566, 1.1164, 0.78383, 0.61461, 0.4217, 0.35882]"
model.layers.22.self_attn.o_proj.weight,b_vs_c,"(3584, 3584)",False,4.698482036590576,63.47041702270508,0.07402633001308,1.0001882314682007,9,1.5055336952209473,9.474947929382324,1.0002139806747437,"[3.82924, 1.96218, 1.33463, 0.79719, 0.60172, 0.50456, 0.42366, 0.32366]"
model.layers.22.self_attn.o_proj.weight,a_vs_b,"(3584, 3584)",False,6.445666790008545,63.47041702270508,0.10155387489738339,0.9899471998214722,17,2.7376983165740967,17.227214813232422,0.9996216297149658,"[3.89561, 3.37388, 2.16184, 1.77654, 1.39196, 1.15239, 1.0855, 0.75397]"
model.layers.22.self_attn.q_proj.bias,a_vs_c,"(3584,)",True,0.0,72.40621185302734,0.0,nan,,nan,nan,nan,
model.layers.22.self_attn.q_proj.bias,b_vs_c,"(3584,)",True,0.0,72.40621185302734,0.0,nan,,nan,nan,nan,
model.layers.22.self_attn.q_proj.bias,a_vs_b,"(3584,)",True,0.0,72.40621185302734,0.0,nan,,nan,nan,nan,
model.layers.22.self_attn.q_proj.weight,a_vs_c,"(3584, 3584)",False,4.651981353759766,58.092315673828125,0.08007911717410822,0.9999217391014099,12,2.488368034362793,12.241049766540527,0.9999455213546753,"[2.94904, 2.32419, 1.60111, 1.25436, 0.92297, 0.88069, 0.71055, 0.57465]"
model.layers.22.self_attn.q_proj.weight,b_vs_c,"(3584, 3584)",False,4.66780424118042,58.092315673828125,0.08035149205256022,0.9999493956565857,12,2.1952836513519287,11.83665657043457,0.9999730587005615,"[3.15041, 2.46199, 1.27089, 1.12147, 0.93094, 0.75741, 0.66369, 0.52768]"
model.layers.22.self_attn.q_proj.weight,a_vs_b,"(3584, 3584)",False,6.2805328369140625,58.092315673828125,0.10811297095088226,0.9683525562286377,22,4.13821268081665,21.844982147216797,0.9997525215148926,"[3.08738, 2.78051, 2.42661, 2.1142, 1.51402, 1.33895, 1.13158, 1.04735]"
model.layers.22.self_attn.v_proj.bias,a_vs_c,"(512,)",True,0.0,2.4731712341308594,0.0,nan,,nan,nan,nan,
model.layers.22.self_attn.v_proj.bias,b_vs_c,"(512,)",True,0.0,2.4731712341308594,0.0,nan,,nan,nan,nan,
model.layers.22.self_attn.v_proj.bias,a_vs_b,"(512,)",True,0.0,2.4731712341308594,0.0,nan,,nan,nan,nan,
model.layers.22.self_attn.v_proj.weight,a_vs_c,"(512, 3584)",False,1.645231008529663,27.147113800048828,0.060604269781589226,0.9996914267539978,10,2.0195510387420654,11.22452449798584,0.9998074769973755,"[1.15771, 0.91852, 0.40935, 0.36751, 0.2751, 0.24104, 0.14446, 0.13412]"
model.layers.22.self_attn.v_proj.weight,b_vs_c,"(512, 3584)",False,1.4681508541107178,27.147113800048828,0.05408128705409844,0.9993985891342163,11,2.0185093879699707,11.710681915283203,0.999544620513916,"[1.03337, 0.76443, 0.5036, 0.26532, 0.23143, 0.192, 0.16204, 0.12994]"
model.layers.22.self_attn.v_proj.weight,a_vs_b,"(512, 3584)",False,2.037794589996338,27.147113800048828,0.07506487080010224,0.9865430593490601,18,3.6604597568511963,19.23834800720215,0.9995753765106201,"[1.06511, 0.9461, 0.87184, 0.70108, 0.4802, 0.39663, 0.34956, 0.26304]"
model.layers.23.input_layernorm.weight,a_vs_c,"(3584,)",True,0.0,58.69769287109375,0.0,nan,,nan,nan,nan,
model.layers.23.input_layernorm.weight,b_vs_c,"(3584,)",True,0.0,58.69769287109375,0.0,nan,,nan,nan,nan,
model.layers.23.input_layernorm.weight,a_vs_b,"(3584,)",True,0.0,58.69769287109375,0.0,nan,,nan,nan,nan,
model.layers.23.mlp.down_proj.weight,a_vs_c,"(3584, 18944)",True,0.0,137.8665771484375,0.0,nan,,nan,nan,nan,
model.layers.23.mlp.down_proj.weight,b_vs_c,"(3584, 18944)",True,0.0,137.8665771484375,0.0,nan,,nan,nan,nan,
model.layers.23.mlp.down_proj.weight,a_vs_b,"(3584, 18944)",True,0.0,137.8665771484375,0.0,nan,,nan,nan,nan,
model.layers.23.mlp.gate_proj.weight,a_vs_c,"(18944, 3584)",True,0.0,137.11077880859375,0.0,nan,,nan,nan,nan,
model.layers.23.mlp.gate_proj.weight,b_vs_c,"(18944, 3584)",True,0.0,137.11077880859375,0.0,nan,,nan,nan,nan,
model.layers.23.mlp.gate_proj.weight,a_vs_b,"(18944, 3584)",True,0.0,137.11077880859375,0.0,nan,,nan,nan,nan,
model.layers.23.mlp.up_proj.weight,a_vs_c,"(18944, 3584)",True,0.0,140.54798889160156,0.0,nan,,nan,nan,nan,
model.layers.23.mlp.up_proj.weight,b_vs_c,"(18944, 3584)",True,0.0,140.54798889160156,0.0,nan,,nan,nan,nan,
model.layers.23.mlp.up_proj.weight,a_vs_b,"(18944, 3584)",True,0.0,140.54798889160156,0.0,nan,,nan,nan,nan,
model.layers.23.post_attention_layernorm.weight,a_vs_c,"(3584,)",True,0.0,85.10198211669922,0.0,nan,,nan,nan,nan,
model.layers.23.post_attention_layernorm.weight,b_vs_c,"(3584,)",True,0.0,85.10198211669922,0.0,nan,,nan,nan,nan,
model.layers.23.post_attention_layernorm.weight,a_vs_b,"(3584,)",True,0.0,85.10198211669922,0.0,nan,,nan,nan,nan,
model.layers.23.self_attn.k_proj.bias,a_vs_c,"(512,)",True,0.0,15.486348152160645,0.0,nan,,nan,nan,nan,
model.layers.23.self_attn.k_proj.bias,b_vs_c,"(512,)",True,0.0,15.486348152160645,0.0,nan,,nan,nan,nan,
model.layers.23.self_attn.k_proj.bias,a_vs_b,"(512,)",True,0.0,15.486348152160645,0.0,nan,,nan,nan,nan,
model.layers.23.self_attn.k_proj.weight,a_vs_c,"(512, 3584)",False,1.6211583614349365,20.537921905517578,0.07893487807057087,0.9999486804008484,14,1.9707900285720825,13.023179054260254,1.0000324249267578,"[1.1548, 0.71782, 0.52267, 0.3563, 0.34029, 0.24232, 0.21449, 0.19483]"
model.layers.23.self_attn.k_proj.weight,b_vs_c,"(512, 3584)",False,1.5821723937988281,20.537921905517578,0.07703663501484892,0.9999547600746155,14,2.023212194442749,13.564692497253418,1.0000420808792114,"[1.11233, 0.60155, 0.57041, 0.37002, 0.34885, 0.29413, 0.24484, 0.18092]"
model.layers.23.self_attn.k_proj.weight,a_vs_b,"(512, 3584)",False,2.1601035594940186,20.537921905517578,0.10517634497936716,0.9712443351745605,21,3.5288822650909424,21.88378143310547,0.999866247177124,"[1.14989, 1.05401, 0.71122, 0.58555, 0.54255, 0.49876, 0.36341, 0.33398]"
model.layers.23.self_attn.o_proj.weight,a_vs_c,"(3584, 3584)",False,5.32355260848999,64.91265869140625,0.08201100857381416,0.99979168176651,10,1.6787301301956177,10.2936429977417,0.9998119473457336,"[4.10876, 2.35686, 1.46068, 1.37451, 0.66292, 0.62881, 0.51736, 0.48587]"
model.layers.23.self_attn.o_proj.weight,b_vs_c,"(3584, 3584)",False,4.941798210144043,64.91265869140625,0.07612996154782803,1.0000505447387695,10,1.4646950960159302,9.726593017578125,1.0000739097595215,"[4.0833, 2.13913, 0.96668, 0.90337, 0.68834, 0.52676, 0.41399, 0.33763]"
model.layers.23.self_attn.o_proj.weight,a_vs_b,"(3584, 3584)",False,6.807681083679199,64.91265869140625,0.10487447627192112,0.987575352191925,18,2.919567108154297,17.786226272583008,0.9996801614761353,"[3.98419, 3.74445, 2.36339, 1.86233, 1.43236, 1.19362, 0.89697, 0.7456]"
model.layers.23.self_attn.q_proj.bias,a_vs_c,"(3584,)",True,0.0,75.45263671875,0.0,nan,,nan,nan,nan,
model.layers.23.self_attn.q_proj.bias,b_vs_c,"(3584,)",True,0.0,75.45263671875,0.0,nan,,nan,nan,nan,
model.layers.23.self_attn.q_proj.bias,a_vs_b,"(3584,)",True,0.0,75.45263671875,0.0,nan,,nan,nan,nan,
model.layers.23.self_attn.q_proj.weight,a_vs_c,"(3584, 3584)",False,4.687857627868652,59.45966339111328,0.07884097151766402,1.000046730041504,14,2.886667251586914,12.903193473815918,1.0000686645507812,"[2.75915, 2.35797, 1.63583, 1.4419, 0.99669, 0.91972, 0.78111, 0.65611]"
model.layers.23.self_attn.q_proj.weight,b_vs_c,"(3584, 3584)",False,4.645807266235352,59.45966339111328,0.07813376331574902,1.000107765197754,12,2.0072929859161377,11.722224235534668,1.0001301765441895,"[3.27911, 2.08106, 1.4648, 1.26317, 0.88333, 0.76869, 0.59409, 0.56486]"
model.layers.23.self_attn.q_proj.weight,a_vs_b,"(3584, 3584)",False,6.333288669586182,59.45966339111328,0.10651403503459358,0.9673638939857483,22,3.923400402069092,22.26589584350586,0.9994684457778931,"[3.19741, 2.61241, 2.31372, 1.93619, 1.63364, 1.48258, 1.31584, 1.21182]"
model.layers.23.self_attn.v_proj.bias,a_vs_c,"(512,)",True,0.0,7.376205921173096,0.0,nan,,nan,nan,nan,
model.layers.23.self_attn.v_proj.bias,b_vs_c,"(512,)",True,0.0,7.376205921173096,0.0,nan,,nan,nan,nan,
model.layers.23.self_attn.v_proj.bias,a_vs_b,"(512,)",True,0.0,7.376205921173096,0.0,nan,,nan,nan,nan,
model.layers.23.self_attn.v_proj.weight,a_vs_c,"(512, 3584)",False,2.0306544303894043,27.5555477142334,0.0736931252990664,0.9998945593833923,10,1.8114465475082397,11.024599075317383,0.9999759197235107,"[1.50877, 0.87702, 0.75643, 0.41394, 0.33554, 0.30726, 0.18651, 0.15757]"
model.layers.23.self_attn.v_proj.weight,b_vs_c,"(512, 3584)",False,1.889161467552185,27.5555477142334,0.06855829857362507,0.9998217225074768,10,1.8256624937057495,11.018807411193848,0.9999157786369324,"[1.39817, 0.84426, 0.6072, 0.52194, 0.32082, 0.21714, 0.18007, 0.14043]"
model.layers.23.self_attn.v_proj.weight,a_vs_b,"(512, 3584)",False,2.5897698402404785,27.5555477142334,0.09398360965631514,0.9879352450370789,17,3.3846652507781982,18.961376190185547,0.9997271299362183,"[1.40768, 1.29998, 0.84749, 0.81041, 0.71104, 0.5544, 0.48736, 0.38186]"
model.layers.24.input_layernorm.weight,a_vs_c,"(3584,)",True,0.0,61.168724060058594,0.0,nan,,nan,nan,nan,
model.layers.24.input_layernorm.weight,b_vs_c,"(3584,)",True,0.0,61.168724060058594,0.0,nan,,nan,nan,nan,
model.layers.24.input_layernorm.weight,a_vs_b,"(3584,)",True,0.0,61.168724060058594,0.0,nan,,nan,nan,nan,
model.layers.24.mlp.down_proj.weight,a_vs_c,"(3584, 18944)",True,0.0,140.046142578125,0.0,nan,,nan,nan,nan,
model.layers.24.mlp.down_proj.weight,b_vs_c,"(3584, 18944)",True,0.0,140.046142578125,0.0,nan,,nan,nan,nan,
model.layers.24.mlp.down_proj.weight,a_vs_b,"(3584, 18944)",True,0.0,140.046142578125,0.0,nan,,nan,nan,nan,
model.layers.24.mlp.gate_proj.weight,a_vs_c,"(18944, 3584)",True,0.0,134.7144012451172,0.0,nan,,nan,nan,nan,
model.layers.24.mlp.gate_proj.weight,b_vs_c,"(18944, 3584)",True,0.0,134.7144012451172,0.0,nan,,nan,nan,nan,
model.layers.24.mlp.gate_proj.weight,a_vs_b,"(18944, 3584)",True,0.0,134.7144012451172,0.0,nan,,nan,nan,nan,
model.layers.24.mlp.up_proj.weight,a_vs_c,"(18944, 3584)",True,0.0,141.9132537841797,0.0,nan,,nan,nan,nan,
model.layers.24.mlp.up_proj.weight,b_vs_c,"(18944, 3584)",True,0.0,141.9132537841797,0.0,nan,,nan,nan,nan,
model.layers.24.mlp.up_proj.weight,a_vs_b,"(18944, 3584)",True,0.0,141.9132537841797,0.0,nan,,nan,nan,nan,
model.layers.24.post_attention_layernorm.weight,a_vs_c,"(3584,)",True,0.0,88.25456237792969,0.0,nan,,nan,nan,nan,
model.layers.24.post_attention_layernorm.weight,b_vs_c,"(3584,)",True,0.0,88.25456237792969,0.0,nan,,nan,nan,nan,
model.layers.24.post_attention_layernorm.weight,a_vs_b,"(3584,)",True,0.0,88.25456237792969,0.0,nan,,nan,nan,nan,
model.layers.24.self_attn.k_proj.bias,a_vs_c,"(512,)",True,0.0,15.423946380615234,0.0,nan,,nan,nan,nan,
model.layers.24.self_attn.k_proj.bias,b_vs_c,"(512,)",True,0.0,15.423946380615234,0.0,nan,,nan,nan,nan,
model.layers.24.self_attn.k_proj.bias,a_vs_b,"(512,)",True,0.0,15.423946380615234,0.0,nan,,nan,nan,nan,
model.layers.24.self_attn.k_proj.weight,a_vs_c,"(512, 3584)",False,1.5038447380065918,19.462905883789062,0.07726722551020328,0.9998468160629272,14,2.287753105163574,13.483640670776367,0.9999337792396545,"[0.99426, 0.69774, 0.51466, 0.382, 0.31378, 0.28686, 0.19823, 0.17199]"
model.layers.24.self_attn.k_proj.weight,b_vs_c,"(512, 3584)",False,1.4515587091445923,19.462905883789062,0.07458078037327492,0.9997680187225342,13,3.104928493499756,13.128613471984863,0.9998624920845032,"[0.82378, 0.75903, 0.65731, 0.37225, 0.2703, 0.20972, 0.19813, 0.16566]"
model.layers.24.self_attn.k_proj.weight,a_vs_b,"(512, 3584)",False,1.9481319189071655,19.462905883789062,0.10009460717424487,0.971000075340271,21,4.25758171081543,22.001354217529297,0.9998469352722168,"[0.94414, 0.81611, 0.70039, 0.63839, 0.60172, 0.46229, 0.36692, 0.3637]"
model.layers.24.self_attn.o_proj.weight,a_vs_c,"(3584, 3584)",False,5.744504451751709,65.2364273071289,0.08805669913079316,0.9997972249984741,10,1.7515521049499512,10.416533470153809,0.9998152852058411,"[4.34051, 2.29338, 2.00533, 1.16923, 1.12011, 0.94593, 0.63623, 0.59052]"
model.layers.24.self_attn.o_proj.weight,b_vs_c,"(3584, 3584)",False,5.654145240783691,65.2364273071289,0.08667159552077153,0.9998369812965393,10,1.524202823638916,10.215733528137207,0.9998557567596436,"[4.57979, 2.0371, 1.54913, 1.26453, 1.04479, 0.7745, 0.63343, 0.51368]"
model.layers.24.self_attn.o_proj.weight,a_vs_b,"(3584, 3584)",False,7.458949089050293,65.2364273071289,0.11433717934818902,0.9864615201950073,18,3.0550897121429443,18.937828063964844,0.9997704029083252,"[4.26742, 3.88729, 2.24837, 1.94372, 1.87863, 1.49605, 1.22039, 1.13587]"
model.layers.24.self_attn.q_proj.bias,a_vs_c,"(3584,)",True,0.0,93.6589126586914,0.0,nan,,nan,nan,nan,
model.layers.24.self_attn.q_proj.bias,b_vs_c,"(3584,)",True,0.0,93.6589126586914,0.0,nan,,nan,nan,nan,
model.layers.24.self_attn.q_proj.bias,a_vs_b,"(3584,)",True,0.0,93.6589126586914,0.0,nan,,nan,nan,nan,
model.layers.24.self_attn.q_proj.weight,a_vs_c,"(3584, 3584)",False,4.519164085388184,56.73692321777344,0.07965120117709358,1.0001699924468994,13,1.8749935626983643,12.746012687683105,1.00019109249115,"[3.30034, 1.64264, 1.26375, 1.17178, 0.94934, 0.84982, 0.79556, 0.66298]"
model.layers.24.self_attn.q_proj.weight,b_vs_c,"(3584, 3584)",False,4.447912216186523,56.73692321777344,0.0783953722536926,1.000298261642456,13,1.542630910873413,12.23664665222168,1.0003201961517334,"[3.58117, 1.41804, 0.98726, 0.89565, 0.84161, 0.73763, 0.73236, 0.58711]"
model.layers.24.self_attn.q_proj.weight,a_vs_b,"(3584, 3584)",False,5.98337984085083,56.73692321777344,0.10545830654025443,0.9586559534072876,23,2.794273853302002,22.61509895324707,0.9995309710502625,"[3.57942, 2.83637, 1.61594, 1.44236, 1.26451, 1.08586, 1.01522, 0.90445]"
model.layers.24.self_attn.v_proj.bias,a_vs_c,"(512,)",True,0.0,7.154875755310059,0.0,nan,,nan,nan,nan,
model.layers.24.self_attn.v_proj.bias,b_vs_c,"(512,)",True,0.0,7.154875755310059,0.0,nan,,nan,nan,nan,
model.layers.24.self_attn.v_proj.bias,a_vs_b,"(512,)",True,0.0,7.154875755310059,0.0,nan,,nan,nan,nan,
model.layers.24.self_attn.v_proj.weight,a_vs_c,"(512, 3584)",False,2.1210319995880127,31.0537109375,0.06830204621460187,0.9998018741607666,10,1.7361836433410645,10.715851783752441,0.9998890161514282,"[1.60972, 0.87964, 0.74087, 0.49976, 0.42317, 0.19625, 0.18456, 0.13091]"
model.layers.24.self_attn.v_proj.weight,b_vs_c,"(512, 3584)",False,2.1602699756622314,31.0537109375,0.06956559813447356,0.9998120665550232,10,1.7958208322525024,10.505372047424316,0.9998961091041565,"[1.61204, 1.11748, 0.67061, 0.32373, 0.25717, 0.21913, 0.2129, 0.18966]"
model.layers.24.self_attn.v_proj.weight,a_vs_b,"(512, 3584)",False,2.820936441421509,31.0537109375,0.09084055838283044,0.9897341132164001,17,3.3706414699554443,18.154312133789062,0.9997014403343201,"[1.53652, 1.48351, 1.05655, 0.82048, 0.69293, 0.58, 0.47246, 0.39847]"
model.layers.25.input_layernorm.weight,a_vs_c,"(3584,)",True,0.0,63.05812454223633,0.0,nan,,nan,nan,nan,
model.layers.25.input_layernorm.weight,b_vs_c,"(3584,)",True,0.0,63.05812454223633,0.0,nan,,nan,nan,nan,
model.layers.25.input_layernorm.weight,a_vs_b,"(3584,)",True,0.0,63.05812454223633,0.0,nan,,nan,nan,nan,
model.layers.25.mlp.down_proj.weight,a_vs_c,"(3584, 18944)",True,0.0,142.7832489013672,0.0,nan,,nan,nan,nan,
model.layers.25.mlp.down_proj.weight,b_vs_c,"(3584, 18944)",True,0.0,142.7832489013672,0.0,nan,,nan,nan,nan,
model.layers.25.mlp.down_proj.weight,a_vs_b,"(3584, 18944)",True,0.0,142.7832489013672,0.0,nan,,nan,nan,nan,
model.layers.25.mlp.gate_proj.weight,a_vs_c,"(18944, 3584)",True,0.0,133.32717895507812,0.0,nan,,nan,nan,nan,
model.layers.25.mlp.gate_proj.weight,b_vs_c,"(18944, 3584)",True,0.0,133.32717895507812,0.0,nan,,nan,nan,nan,
model.layers.25.mlp.gate_proj.weight,a_vs_b,"(18944, 3584)",True,0.0,133.32717895507812,0.0,nan,,nan,nan,nan,
model.layers.25.mlp.up_proj.weight,a_vs_c,"(18944, 3584)",True,0.0,143.4039306640625,0.0,nan,,nan,nan,nan,
model.layers.25.mlp.up_proj.weight,b_vs_c,"(18944, 3584)",True,0.0,143.4039306640625,0.0,nan,,nan,nan,nan,
model.layers.25.mlp.up_proj.weight,a_vs_b,"(18944, 3584)",True,0.0,143.4039306640625,0.0,nan,,nan,nan,nan,
model.layers.25.post_attention_layernorm.weight,a_vs_c,"(3584,)",True,0.0,96.76622009277344,0.0,nan,,nan,nan,nan,
model.layers.25.post_attention_layernorm.weight,b_vs_c,"(3584,)",True,0.0,96.76622009277344,0.0,nan,,nan,nan,nan,
model.layers.25.post_attention_layernorm.weight,a_vs_b,"(3584,)",True,0.0,96.76622009277344,0.0,nan,,nan,nan,nan,
model.layers.25.self_attn.k_proj.bias,a_vs_c,"(512,)",True,0.0,17.143930435180664,0.0,nan,,nan,nan,nan,
model.layers.25.self_attn.k_proj.bias,b_vs_c,"(512,)",True,0.0,17.143930435180664,0.0,nan,,nan,nan,nan,
model.layers.25.self_attn.k_proj.bias,a_vs_b,"(512,)",True,0.0,17.143930435180664,0.0,nan,,nan,nan,nan,
model.layers.25.self_attn.k_proj.weight,a_vs_c,"(512, 3584)",False,1.5046366453170776,17.700407028198242,0.08500576528664366,0.9998869895935059,15,2.3722474575042725,14.24655818939209,0.9999651312828064,"[0.9769, 0.67367, 0.50091, 0.36549, 0.32735, 0.26452, 0.23095, 0.21705]"
model.layers.25.self_attn.k_proj.weight,b_vs_c,"(512, 3584)",False,1.424918293952942,17.700407028198242,0.0805020071958191,0.9998248219490051,15,3.546743392944336,14.7593412399292,0.9999120235443115,"[0.75662, 0.66833, 0.56078, 0.44326, 0.33464, 0.29642, 0.24236, 0.23789]"
model.layers.25.self_attn.k_proj.weight,a_vs_b,"(512, 3584)",False,1.9703255891799927,17.700407028198242,0.11131527009752362,0.9528293013572693,23,4.217314720153809,24.311336517333984,0.9999297857284546,"[0.95944, 0.71271, 0.66267, 0.62803, 0.5287, 0.47864, 0.44309, 0.37173]"
model.layers.25.self_attn.o_proj.weight,a_vs_c,"(3584, 3584)",False,5.644734859466553,68.80322265625,0.08204172190695769,0.9998898506164551,12,1.8619189262390137,11.019564628601074,0.999909520149231,"[4.13679, 2.53461, 1.82317, 1.29308, 1.10008, 0.8074, 0.6074, 0.51251]"
model.layers.25.self_attn.o_proj.weight,b_vs_c,"(3584, 3584)",False,5.830729007720947,68.80322265625,0.08474499860060393,0.9999006986618042,10,1.701788067817688,10.061725616455078,0.9999186396598816,"[4.46961, 2.68811, 1.8206, 1.09988, 0.85003, 0.65677, 0.5267, 0.45944]"
model.layers.25.self_attn.o_proj.weight,a_vs_b,"(3584, 3584)",False,7.62816047668457,68.80322265625,0.1108692323148273,0.982964277267456,19,3.0065386295318604,19.175552368164062,0.9998121857643127,"[4.39933, 3.60782, 2.67926, 2.45394, 1.71202, 1.63706, 1.20659, 1.10354]"
model.layers.25.self_attn.q_proj.bias,a_vs_c,"(3584,)",True,0.0,77.20738983154297,0.0,nan,,nan,nan,nan,
model.layers.25.self_attn.q_proj.bias,b_vs_c,"(3584,)",True,0.0,77.20738983154297,0.0,nan,,nan,nan,nan,
model.layers.25.self_attn.q_proj.bias,a_vs_b,"(3584,)",True,0.0,77.20738983154297,0.0,nan,,nan,nan,nan,
model.layers.25.self_attn.q_proj.weight,a_vs_c,"(3584, 3584)",False,4.597204208374023,55.260555267333984,0.08319142263652851,1.0000147819519043,14,2.204310894012451,12.911234855651855,1.0000343322753906,"[3.0964, 1.80843, 1.66903, 1.23633, 0.94552, 0.84821, 0.79677, 0.6257]"
model.layers.25.self_attn.q_proj.weight,b_vs_c,"(3584, 3584)",False,4.570720195770264,55.260555267333984,0.0827121655520559,1.0000730752944946,13,1.8845397233963013,12.404428482055664,1.0000927448272705,"[3.32952, 1.6975, 1.37765, 1.24058, 0.91877, 0.80884, 0.69152, 0.67333]"
model.layers.25.self_attn.q_proj.weight,a_vs_b,"(3584, 3584)",False,6.282140254974365,55.260555267333984,0.11368217754206876,0.9563052654266357,24,3.658143997192383,23.104904174804688,0.9996164441108704,"[3.28456, 3.02233, 1.8417, 1.64999, 1.49343, 1.3968, 1.25596, 1.12446]"
model.layers.25.self_attn.v_proj.bias,a_vs_c,"(512,)",True,0.0,9.366129875183105,0.0,nan,,nan,nan,nan,
model.layers.25.self_attn.v_proj.bias,b_vs_c,"(512,)",True,0.0,9.366129875183105,0.0,nan,,nan,nan,nan,
model.layers.25.self_attn.v_proj.bias,a_vs_b,"(512,)",True,0.0,9.366129875183105,0.0,nan,,nan,nan,nan,
model.layers.25.self_attn.v_proj.weight,a_vs_c,"(512, 3584)",False,2.1290669441223145,33.9321174621582,0.0627448890125025,0.9996887445449829,13,1.9731471538543701,12.95543384552002,0.9997951984405518,"[1.51569, 0.80422, 0.73403, 0.60148, 0.45485, 0.36536, 0.3367, 0.25873]"
model.layers.25.self_attn.v_proj.weight,b_vs_c,"(512, 3584)",False,2.036978006362915,33.9321174621582,0.060030972385811024,0.9996581077575684,12,2.099169969558716,12.238260269165039,0.9997746348381042,"[1.40593, 0.88504, 0.77981, 0.5678, 0.37602, 0.34131, 0.23682, 0.2024]"
model.layers.25.self_attn.v_proj.weight,a_vs_b,"(512, 3584)",False,2.713111639022827,33.9321174621582,0.07995703899258705,0.9752659797668457,21,3.792060136795044,22.231422424316406,0.9995543360710144,"[1.39325, 1.22718, 0.87437, 0.75832, 0.73259, 0.6564, 0.6273, 0.52211]"
model.layers.26.input_layernorm.weight,a_vs_c,"(3584,)",True,0.0,74.450439453125,0.0,nan,,nan,nan,nan,
model.layers.26.input_layernorm.weight,b_vs_c,"(3584,)",True,0.0,74.450439453125,0.0,nan,,nan,nan,nan,
model.layers.26.input_layernorm.weight,a_vs_b,"(3584,)",True,0.0,74.450439453125,0.0,nan,,nan,nan,nan,
model.layers.26.mlp.down_proj.weight,a_vs_c,"(3584, 18944)",True,0.0,142.70848083496094,0.0,nan,,nan,nan,nan,
model.layers.26.mlp.down_proj.weight,b_vs_c,"(3584, 18944)",True,0.0,142.70848083496094,0.0,nan,,nan,nan,nan,
model.layers.26.mlp.down_proj.weight,a_vs_b,"(3584, 18944)",True,0.0,142.70848083496094,0.0,nan,,nan,nan,nan,
model.layers.26.mlp.gate_proj.weight,a_vs_c,"(18944, 3584)",True,0.0,133.3563690185547,0.0,nan,,nan,nan,nan,
model.layers.26.mlp.gate_proj.weight,b_vs_c,"(18944, 3584)",True,0.0,133.3563690185547,0.0,nan,,nan,nan,nan,
model.layers.26.mlp.gate_proj.weight,a_vs_b,"(18944, 3584)",True,0.0,133.3563690185547,0.0,nan,,nan,nan,nan,
model.layers.26.mlp.up_proj.weight,a_vs_c,"(18944, 3584)",True,0.0,144.85986328125,0.0,nan,,nan,nan,nan,
model.layers.26.mlp.up_proj.weight,b_vs_c,"(18944, 3584)",True,0.0,144.85986328125,0.0,nan,,nan,nan,nan,
model.layers.26.mlp.up_proj.weight,a_vs_b,"(18944, 3584)",True,0.0,144.85986328125,0.0,nan,,nan,nan,nan,
model.layers.26.post_attention_layernorm.weight,a_vs_c,"(3584,)",True,0.0,96.43370819091797,0.0,nan,,nan,nan,nan,
model.layers.26.post_attention_layernorm.weight,b_vs_c,"(3584,)",True,0.0,96.43370819091797,0.0,nan,,nan,nan,nan,
model.layers.26.post_attention_layernorm.weight,a_vs_b,"(3584,)",True,0.0,96.43370819091797,0.0,nan,,nan,nan,nan,
model.layers.26.self_attn.k_proj.bias,a_vs_c,"(512,)",True,0.0,13.500542640686035,0.0,nan,,nan,nan,nan,
model.layers.26.self_attn.k_proj.bias,b_vs_c,"(512,)",True,0.0,13.500542640686035,0.0,nan,,nan,nan,nan,
model.layers.26.self_attn.k_proj.bias,a_vs_b,"(512,)",True,0.0,13.500542640686035,0.0,nan,,nan,nan,nan,
model.layers.26.self_attn.k_proj.weight,a_vs_c,"(512, 3584)",False,1.3485701084136963,16.942716598510742,0.07959586059134313,0.9998180270195007,15,2.545649290084839,14.71764850616455,0.9999077320098877,"[0.84523, 0.49966, 0.46787, 0.36866, 0.34877, 0.29263, 0.26802, 0.24656]"
model.layers.26.self_attn.k_proj.weight,b_vs_c,"(512, 3584)",False,1.3280229568481445,16.942716598510742,0.07838311814557987,0.9998160600662231,14,2.404393434524536,14.240605354309082,0.9999101161956787,"[0.85645, 0.56709, 0.4665, 0.347, 0.28752, 0.26923, 0.21043, 0.19389]"
model.layers.26.self_attn.k_proj.weight,a_vs_b,"(512, 3584)",False,1.7677223682403564,16.942716598510742,0.1043352379745134,0.9476170539855957,23,4.175811290740967,24.585908889770508,0.9998776912689209,"[0.86505, 0.79054, 0.51285, 0.45353, 0.42623, 0.40602, 0.39115, 0.34464]"
model.layers.26.self_attn.o_proj.weight,a_vs_c,"(3584, 3584)",False,4.394808769226074,71.5584487915039,0.06141565172871477,1.000675082206726,10,1.5774050951004028,10.447643280029297,1.0007092952728271,"[3.4992, 1.79186, 1.19626, 1.01141, 0.70996, 0.5251, 0.42651, 0.32767]"
model.layers.26.self_attn.o_proj.weight,b_vs_c,"(3584, 3584)",False,4.3002448081970215,71.5584487915039,0.06009415912195664,1.0008420944213867,9,1.3746745586395264,9.879948616027832,1.0008797645568848,"[3.6677, 1.45608, 1.02698, 0.92491, 0.55263, 0.44514, 0.40575, 0.3126]"
model.layers.26.self_attn.o_proj.weight,a_vs_b,"(3584, 3584)",False,5.482777118682861,71.5584487915039,0.07661956360537861,0.9876515865325928,17,2.6690163612365723,17.879249572753906,0.999461829662323,"[3.35602, 3.15732, 1.46832, 1.23011, 1.04083, 0.95512, 0.85853, 0.77485]"
model.layers.26.self_attn.q_proj.bias,a_vs_c,"(3584,)",True,0.0,82.6484146118164,0.0,nan,,nan,nan,nan,
model.layers.26.self_attn.q_proj.bias,b_vs_c,"(3584,)",True,0.0,82.6484146118164,0.0,nan,,nan,nan,nan,
model.layers.26.self_attn.q_proj.bias,a_vs_b,"(3584,)",True,0.0,82.6484146118164,0.0,nan,,nan,nan,nan,
model.layers.26.self_attn.q_proj.weight,a_vs_c,"(3584, 3584)",False,3.5496633052825928,51.71805191040039,0.06863489969483486,1.0005708932876587,14,2.492656707763672,13.97905158996582,1.000603199005127,"[2.24831, 1.51146, 1.17371, 0.91276, 0.87898, 0.70051, 0.58529, 0.54203]"
model.layers.26.self_attn.q_proj.weight,b_vs_c,"(3584, 3584)",False,3.7280333042144775,51.71805191040039,0.07208379214811024,1.0006027221679688,14,2.059239625930786,13.55964183807373,1.0006319284439087,"[2.59792, 1.49907, 1.03697, 0.85605, 0.82418, 0.77147, 0.73672, 0.4886]"
model.layers.26.self_attn.q_proj.weight,a_vs_b,"(3584, 3584)",False,4.80587911605835,51.71805191040039,0.09292459670337849,0.946310818195343,24,3.774900436401367,24.2015380859375,0.9994825720787048,"[2.47355, 2.06337, 1.52842, 1.30247, 1.16023, 1.02569, 0.96597, 0.86168]"
model.layers.26.self_attn.v_proj.bias,a_vs_c,"(512,)",True,0.0,9.000923156738281,0.0,nan,,nan,nan,nan,
model.layers.26.self_attn.v_proj.bias,b_vs_c,"(512,)",True,0.0,9.000923156738281,0.0,nan,,nan,nan,nan,
model.layers.26.self_attn.v_proj.bias,a_vs_b,"(512,)",True,0.0,9.000923156738281,0.0,nan,,nan,nan,nan,
model.layers.26.self_attn.v_proj.weight,a_vs_c,"(512, 3584)",False,2.026171922683716,40.575130462646484,0.049936300871515675,0.9992896318435669,10,1.8263355493545532,11.10052490234375,0.9994920492172241,"[1.49929, 1.06542, 0.55244, 0.4266, 0.289, 0.20964, 0.18048, 0.13536]"
model.layers.26.self_attn.v_proj.weight,b_vs_c,"(512, 3584)",False,2.082882881164551,40.575130462646484,0.05133397865675516,0.9993261098861694,9,1.558746337890625,10.387251853942871,0.9995172619819641,"[1.66831, 1.04451, 0.42674, 0.32249, 0.23775, 0.1834, 0.14014, 0.12864]"
model.layers.26.self_attn.v_proj.weight,a_vs_b,"(512, 3584)",False,2.6092474460601807,40.575130462646484,0.06430656947516798,0.990463137626648,16,2.9354522228240967,17.644338607788086,0.9992170929908752,"[1.52292, 1.35629, 1.00151, 0.87212, 0.49294, 0.37822, 0.35144, 0.27852]"
model.layers.27.input_layernorm.weight,a_vs_c,"(3584,)",True,0.0,90.04376220703125,0.0,nan,,nan,nan,nan,
model.layers.27.input_layernorm.weight,b_vs_c,"(3584,)",True,0.0,90.04376220703125,0.0,nan,,nan,nan,nan,
model.layers.27.input_layernorm.weight,a_vs_b,"(3584,)",True,0.0,90.04376220703125,0.0,nan,,nan,nan,nan,
model.layers.27.mlp.down_proj.weight,a_vs_c,"(3584, 18944)",True,0.0,132.4913787841797,0.0,nan,,nan,nan,nan,
model.layers.27.mlp.down_proj.weight,b_vs_c,"(3584, 18944)",True,0.0,132.4913787841797,0.0,nan,,nan,nan,nan,
model.layers.27.mlp.down_proj.weight,a_vs_b,"(3584, 18944)",True,0.0,132.4913787841797,0.0,nan,,nan,nan,nan,
model.layers.27.mlp.gate_proj.weight,a_vs_c,"(18944, 3584)",True,0.0,138.70877075195312,0.0,nan,,nan,nan,nan,
model.layers.27.mlp.gate_proj.weight,b_vs_c,"(18944, 3584)",True,0.0,138.70877075195312,0.0,nan,,nan,nan,nan,
model.layers.27.mlp.gate_proj.weight,a_vs_b,"(18944, 3584)",True,0.0,138.70877075195312,0.0,nan,,nan,nan,nan,
model.layers.27.mlp.up_proj.weight,a_vs_c,"(18944, 3584)",True,0.0,143.99021911621094,0.0,nan,,nan,nan,nan,
model.layers.27.mlp.up_proj.weight,b_vs_c,"(18944, 3584)",True,0.0,143.99021911621094,0.0,nan,,nan,nan,nan,
model.layers.27.mlp.up_proj.weight,a_vs_b,"(18944, 3584)",True,0.0,143.99021911621094,0.0,nan,,nan,nan,nan,
model.layers.27.post_attention_layernorm.weight,a_vs_c,"(3584,)",True,0.0,129.33680725097656,0.0,nan,,nan,nan,nan,
model.layers.27.post_attention_layernorm.weight,b_vs_c,"(3584,)",True,0.0,129.33680725097656,0.0,nan,,nan,nan,nan,
model.layers.27.post_attention_layernorm.weight,a_vs_b,"(3584,)",True,0.0,129.33680725097656,0.0,nan,,nan,nan,nan,
model.layers.27.self_attn.k_proj.bias,a_vs_c,"(512,)",True,0.0,920.4673461914062,0.0,nan,,nan,nan,nan,
model.layers.27.self_attn.k_proj.bias,b_vs_c,"(512,)",True,0.0,920.4673461914062,0.0,nan,,nan,nan,nan,
model.layers.27.self_attn.k_proj.bias,a_vs_b,"(512,)",True,0.0,920.4673461914062,0.0,nan,,nan,nan,nan,
model.layers.27.self_attn.k_proj.weight,a_vs_c,"(512, 3584)",False,1.2667566537857056,18.00940704345703,0.07033860974595102,0.9997206926345825,14,2.7749907970428467,14.531706809997559,0.9998570680618286,"[0.76044, 0.57783, 0.50185, 0.32541, 0.28402, 0.24588, 0.20662, 0.18728]"
model.layers.27.self_attn.k_proj.weight,b_vs_c,"(512, 3584)",False,1.3009527921676636,18.00940704345703,0.07223740287664333,0.9997391104698181,14,3.2704694271087646,14.896838188171387,0.9998685717582703,"[0.71938, 0.64559, 0.47658, 0.38505, 0.28103, 0.24192, 0.21039, 0.20818]"
model.layers.27.self_attn.k_proj.weight,a_vs_b,"(512, 3584)",False,1.68247389793396,18.00940704345703,0.09342194853357023,0.9483832120895386,24,5.0856475830078125,24.85049057006836,0.9998083114624023,"[0.74606, 0.67331, 0.61504, 0.57111, 0.43852, 0.43108, 0.35101, 0.299]"
model.layers.27.self_attn.o_proj.weight,a_vs_c,"(3584, 3584)",False,4.1994171142578125,66.82128143310547,0.06284550406986482,1.000723123550415,10,1.4967694282531738,10.301305770874023,1.000766634941101,"[3.43251, 1.52044, 1.3475, 0.74767, 0.59897, 0.48571, 0.40935, 0.31982]"
model.layers.27.self_attn.o_proj.weight,b_vs_c,"(3584, 3584)",False,3.920929431915283,66.82128143310547,0.05867785453711346,1.0008642673492432,10,1.7436871528625488,10.164650917053223,1.0009173154830933,"[2.9693, 1.8088, 1.39072, 0.75476, 0.4508, 0.43188, 0.32221, 0.27324]"
model.layers.27.self_attn.o_proj.weight,a_vs_b,"(3584, 3584)",False,4.932235240936279,66.82128143310547,0.07381234144505178,0.9887076616287231,17,2.518568754196167,17.906517028808594,0.9995613098144531,"[3.1079, 2.54768, 1.4697, 1.25412, 1.08726, 1.02622, 0.69206, 0.61824]"
model.layers.27.self_attn.q_proj.bias,a_vs_c,"(3584,)",True,0.0,180.87464904785156,0.0,nan,,nan,nan,nan,
model.layers.27.self_attn.q_proj.bias,b_vs_c,"(3584,)",True,0.0,180.87464904785156,0.0,nan,,nan,nan,nan,
model.layers.27.self_attn.q_proj.bias,a_vs_b,"(3584,)",True,0.0,180.87464904785156,0.0,nan,,nan,nan,nan,
model.layers.27.self_attn.q_proj.weight,a_vs_c,"(3584, 3584)",False,3.9223129749298096,56.59437561035156,0.06930570277751041,1.0006203651428223,13,1.6814019680023193,12.833869934082031,1.0006539821624756,"[3.02487, 1.23005, 1.04708, 0.90684, 0.83478, 0.77397, 0.62347, 0.49154]"
model.layers.27.self_attn.q_proj.weight,b_vs_c,"(3584, 3584)",False,4.190691947937012,56.59437561035156,0.07404785197719366,1.0004298686981201,13,1.5145668983459473,12.00051498413086,1.0004587173461914,"[3.40519, 1.34415, 1.09565, 0.86675, 0.71075, 0.65283, 0.54242, 0.51106]"
model.layers.27.self_attn.q_proj.weight,a_vs_b,"(3584, 3584)",False,5.361934185028076,56.59437561035156,0.09474323423840965,0.9621618986129761,23,2.6460113525390625,22.236452102661133,0.9992710947990417,"[3.29629, 2.67624, 1.33195, 1.21419, 1.01902, 0.94469, 0.92448, 0.81287]"
model.layers.27.self_attn.v_proj.bias,a_vs_c,"(512,)",True,0.0,29.78465461730957,0.0,nan,,nan,nan,nan,
model.layers.27.self_attn.v_proj.bias,b_vs_c,"(512,)",True,0.0,29.78465461730957,0.0,nan,,nan,nan,nan,
model.layers.27.self_attn.v_proj.bias,a_vs_b,"(512,)",True,0.0,29.78465461730957,0.0,nan,,nan,nan,nan,
model.layers.27.self_attn.v_proj.weight,a_vs_c,"(512, 3584)",False,1.4737130403518677,36.67457962036133,0.04018350191350736,0.9987384080886841,13,1.7618643045425415,13.189376831054688,0.9990499019622803,"[1.11027, 0.60207, 0.49845, 0.34131, 0.23794, 0.21687, 0.15726, 0.13976]"
model.layers.27.self_attn.v_proj.weight,b_vs_c,"(512, 3584)",False,1.4103453159332275,36.67457962036133,0.038455664128464045,0.9984466433525085,13,1.7168686389923096,13.21290397644043,0.9987814426422119,"[1.07636, 0.6315, 0.4227, 0.26557, 0.23135, 0.1606, 0.14357, 0.13818]"
model.layers.27.self_attn.v_proj.weight,a_vs_b,"(512, 3584)",False,1.594862699508667,36.67457962036133,0.04348687063404584,0.9786936640739441,20,2.5876355171203613,21.72899055480957,0.9982174634933472,"[0.99145, 0.6608, 0.53071, 0.48061, 0.37975, 0.3351, 0.26675, 0.21574]"
model.layers.3.input_layernorm.weight,a_vs_c,"(3584,)",True,0.0,23.13264274597168,0.0,nan,,nan,nan,nan,
model.layers.3.input_layernorm.weight,b_vs_c,"(3584,)",True,0.0,23.13264274597168,0.0,nan,,nan,nan,nan,
model.layers.3.input_layernorm.weight,a_vs_b,"(3584,)",True,0.0,23.13264274597168,0.0,nan,,nan,nan,nan,
model.layers.3.mlp.down_proj.weight,a_vs_c,"(3584, 18944)",True,0.0,130.33242797851562,0.0,nan,,nan,nan,nan,
model.layers.3.mlp.down_proj.weight,b_vs_c,"(3584, 18944)",True,0.0,130.33242797851562,0.0,nan,,nan,nan,nan,
model.layers.3.mlp.down_proj.weight,a_vs_b,"(3584, 18944)",True,0.0,130.33242797851562,0.0,nan,,nan,nan,nan,
model.layers.3.mlp.gate_proj.weight,a_vs_c,"(18944, 3584)",True,0.0,152.46224975585938,0.0,nan,,nan,nan,nan,
model.layers.3.mlp.gate_proj.weight,b_vs_c,"(18944, 3584)",True,0.0,152.46224975585938,0.0,nan,,nan,nan,nan,
model.layers.3.mlp.gate_proj.weight,a_vs_b,"(18944, 3584)",True,0.0,152.46224975585938,0.0,nan,,nan,nan,nan,
model.layers.3.mlp.up_proj.weight,a_vs_c,"(18944, 3584)",True,0.0,131.45130920410156,0.0,nan,,nan,nan,nan,
model.layers.3.mlp.up_proj.weight,b_vs_c,"(18944, 3584)",True,0.0,131.45130920410156,0.0,nan,,nan,nan,nan,
model.layers.3.mlp.up_proj.weight,a_vs_b,"(18944, 3584)",True,0.0,131.45130920410156,0.0,nan,,nan,nan,nan,
model.layers.3.post_attention_layernorm.weight,a_vs_c,"(3584,)",True,0.0,66.63565063476562,0.0,nan,,nan,nan,nan,
model.layers.3.post_attention_layernorm.weight,b_vs_c,"(3584,)",True,0.0,66.63565063476562,0.0,nan,,nan,nan,nan,
model.layers.3.post_attention_layernorm.weight,a_vs_b,"(3584,)",True,0.0,66.63565063476562,0.0,nan,,nan,nan,nan,
model.layers.3.self_attn.k_proj.bias,a_vs_c,"(512,)",True,0.0,118.2458267211914,0.0,nan,,nan,nan,nan,
model.layers.3.self_attn.k_proj.bias,b_vs_c,"(512,)",True,0.0,118.2458267211914,0.0,nan,,nan,nan,nan,
model.layers.3.self_attn.k_proj.bias,a_vs_b,"(512,)",True,0.0,118.2458267211914,0.0,nan,,nan,nan,nan,
model.layers.3.self_attn.k_proj.weight,a_vs_c,"(512, 3584)",False,1.399027943611145,32.4260139465332,0.04314523351275869,0.9988358616828918,14,1.6235311031341553,13.598297119140625,0.9990812540054321,"[1.09798, 0.58728, 0.36534, 0.24251, 0.20755, 0.1831, 0.15259, 0.13817]"
model.layers.3.self_attn.k_proj.weight,b_vs_c,"(512, 3584)",False,1.4741501808166504,32.4260139465332,0.04546196098130827,0.9990172982215881,14,1.7846325635910034,13.11424732208252,0.9992377161979675,"[1.10349, 0.69321, 0.47313, 0.21994, 0.17667, 0.17535, 0.15939, 0.14576]"
model.layers.3.self_attn.k_proj.weight,a_vs_b,"(512, 3584)",False,1.8839548826217651,32.4260139465332,0.05810010708464481,0.9796632528305054,19,2.768547296524048,20.231861114501953,0.9991154074668884,"[1.13226, 0.94442, 0.64463, 0.53757, 0.41135, 0.32526, 0.24158, 0.21922]"
model.layers.3.self_attn.o_proj.weight,a_vs_c,"(3584, 3584)",False,3.914844512939453,53.04636001586914,0.07380043629324055,1.0006541013717651,13,1.6532729864120483,12.051347732543945,1.000678300857544,"[3.04468, 1.49943, 1.06611, 0.73066, 0.70899, 0.66197, 0.59439, 0.46506]"
model.layers.3.self_attn.o_proj.weight,b_vs_c,"(3584, 3584)",False,3.358792781829834,53.04636001586914,0.06331806330962257,1.0006705522537231,14,1.6605628728866577,12.963634490966797,1.0007034540176392,"[2.60649, 1.14186, 0.90359, 0.69766, 0.66639, 0.5976, 0.46197, 0.39315]"
model.layers.3.self_attn.o_proj.weight,a_vs_b,"(3584, 3584)",False,4.686161518096924,53.04636001586914,0.08834086856657139,0.9661170840263367,22,2.6904900074005127,21.807802200317383,0.9994953870773315,"[2.85694, 2.22133, 1.48143, 1.11198, 1.00334, 0.79143, 0.73145, 0.70377]"
model.layers.3.self_attn.q_proj.bias,a_vs_c,"(3584,)",True,0.0,65.5036392211914,0.0,nan,,nan,nan,nan,
model.layers.3.self_attn.q_proj.bias,b_vs_c,"(3584,)",True,0.0,65.5036392211914,0.0,nan,,nan,nan,nan,
model.layers.3.self_attn.q_proj.bias,a_vs_b,"(3584,)",True,0.0,65.5036392211914,0.0,nan,,nan,nan,nan,
model.layers.3.self_attn.q_proj.weight,a_vs_c,"(3584, 3584)",False,4.283681869506836,67.8528823852539,0.0631319071338049,1.0007294416427612,11,1.399117112159729,11.011924743652344,1.000763177871704,"[3.62151, 1.34068, 1.08496, 0.79195, 0.64969, 0.54864, 0.5129, 0.41304]"
model.layers.3.self_attn.q_proj.weight,b_vs_c,"(3584, 3584)",False,3.9836649894714355,67.8528823852539,0.05871032813098569,1.000959038734436,13,1.9990609884262085,12.5034761428833,1.0009980201721191,"[2.81754, 1.72594, 1.22658, 1.07611, 0.76713, 0.63595, 0.56839, 0.51977]"
model.layers.3.self_attn.q_proj.weight,a_vs_b,"(3584, 3584)",False,5.514919757843018,67.8528823852539,0.08127760478221843,0.976533055305481,21,2.5287535190582275,20.49818992614746,0.9993340373039246,"[3.46805, 2.58529, 1.66318, 1.36462, 1.20145, 1.03824, 0.9263, 0.74398]"
model.layers.3.self_attn.v_proj.bias,a_vs_c,"(512,)",True,0.0,4.126330852508545,0.0,nan,,nan,nan,nan,
model.layers.3.self_attn.v_proj.bias,b_vs_c,"(512,)",True,0.0,4.126330852508545,0.0,nan,,nan,nan,nan,
model.layers.3.self_attn.v_proj.bias,a_vs_b,"(512,)",True,0.0,4.126330852508545,0.0,nan,,nan,nan,nan,
model.layers.3.self_attn.v_proj.weight,a_vs_c,"(512, 3584)",False,1.0504707098007202,17.251144409179688,0.060892812956904074,0.9996564388275146,14,1.8774263858795166,13.843829154968262,0.9997703433036804,"[0.76666, 0.39849, 0.31033, 0.29325, 0.17411, 0.17282, 0.15617, 0.14488]"
model.layers.3.self_attn.v_proj.weight,b_vs_c,"(512, 3584)",False,1.0762362480163574,17.251144409179688,0.06238636825993237,0.9997098445892334,14,1.6855093240737915,13.003293991088867,0.9998185634613037,"[0.82898, 0.47738, 0.24178, 0.19614, 0.16909, 0.15901, 0.14316, 0.1196]"
model.layers.3.self_attn.v_proj.weight,a_vs_b,"(512, 3584)",False,1.4045270681381226,17.251144409179688,0.08141645764618057,0.9678954482078552,22,3.021095037460327,22.021780014038086,0.9995899796485901,"[0.80807, 0.72412, 0.45212, 0.35586, 0.29061, 0.27663, 0.19718, 0.19373]"
model.layers.4.input_layernorm.weight,a_vs_c,"(3584,)",True,0.0,31.54090118408203,0.0,nan,,nan,nan,nan,
model.layers.4.input_layernorm.weight,b_vs_c,"(3584,)",True,0.0,31.54090118408203,0.0,nan,,nan,nan,nan,
model.layers.4.input_layernorm.weight,a_vs_b,"(3584,)",True,0.0,31.54090118408203,0.0,nan,,nan,nan,nan,
model.layers.4.mlp.down_proj.weight,a_vs_c,"(3584, 18944)",True,0.0,127.9095687866211,0.0,nan,,nan,nan,nan,
model.layers.4.mlp.down_proj.weight,b_vs_c,"(3584, 18944)",True,0.0,127.9095687866211,0.0,nan,,nan,nan,nan,
model.layers.4.mlp.down_proj.weight,a_vs_b,"(3584, 18944)",True,0.0,127.9095687866211,0.0,nan,,nan,nan,nan,
model.layers.4.mlp.gate_proj.weight,a_vs_c,"(18944, 3584)",True,0.0,155.566162109375,0.0,nan,,nan,nan,nan,
model.layers.4.mlp.gate_proj.weight,b_vs_c,"(18944, 3584)",True,0.0,155.566162109375,0.0,nan,,nan,nan,nan,
model.layers.4.mlp.gate_proj.weight,a_vs_b,"(18944, 3584)",True,0.0,155.566162109375,0.0,nan,,nan,nan,nan,
model.layers.4.mlp.up_proj.weight,a_vs_c,"(18944, 3584)",True,0.0,128.7771453857422,0.0,nan,,nan,nan,nan,
model.layers.4.mlp.up_proj.weight,b_vs_c,"(18944, 3584)",True,0.0,128.7771453857422,0.0,nan,,nan,nan,nan,
model.layers.4.mlp.up_proj.weight,a_vs_b,"(18944, 3584)",True,0.0,128.7771453857422,0.0,nan,,nan,nan,nan,
model.layers.4.post_attention_layernorm.weight,a_vs_c,"(3584,)",True,0.0,64.45880126953125,0.0,nan,,nan,nan,nan,
model.layers.4.post_attention_layernorm.weight,b_vs_c,"(3584,)",True,0.0,64.45880126953125,0.0,nan,,nan,nan,nan,
model.layers.4.post_attention_layernorm.weight,a_vs_b,"(3584,)",True,0.0,64.45880126953125,0.0,nan,,nan,nan,nan,
model.layers.4.self_attn.k_proj.bias,a_vs_c,"(512,)",True,0.0,11.382330894470215,0.0,nan,,nan,nan,nan,
model.layers.4.self_attn.k_proj.bias,b_vs_c,"(512,)",True,0.0,11.382330894470215,0.0,nan,,nan,nan,nan,
model.layers.4.self_attn.k_proj.bias,a_vs_b,"(512,)",True,0.0,11.382330894470215,0.0,nan,,nan,nan,nan,
model.layers.4.self_attn.k_proj.weight,a_vs_c,"(512, 3584)",False,1.1875944137573242,29.07743263244629,0.040842478384152024,0.9987008571624756,14,1.557560920715332,13.610573768615723,0.9990267157554626,"[0.95158, 0.46625, 0.29851, 0.23859, 0.17389, 0.15598, 0.13111, 0.11699]"
model.layers.4.self_attn.k_proj.weight,b_vs_c,"(512, 3584)",False,1.2625240087509155,29.07743263244629,0.04341937696872584,0.9988995790481567,13,1.590335726737976,12.941251754760742,0.9991893172264099,"[1.00114, 0.59455, 0.2492, 0.19851, 0.16156, 0.1477, 0.13579, 0.12809]"
model.layers.4.self_attn.k_proj.weight,a_vs_b,"(512, 3584)",False,1.5879087448120117,29.07743263244629,0.05460966120647567,0.9826091527938843,19,2.965141534805298,19.86205291748047,0.9988961815834045,"[0.92215, 0.88065, 0.55084, 0.42545, 0.27947, 0.26513, 0.20599, 0.19661]"
model.layers.4.self_attn.o_proj.weight,a_vs_c,"(3584, 3584)",False,3.464484214782715,53.256046295166016,0.06505334991601097,1.000793695449829,12,1.6480469703674316,11.368118286132812,1.0008245706558228,"[2.69869, 1.25192, 1.12389, 0.88676, 0.53996, 0.44273, 0.38686, 0.3302]"
model.layers.4.self_attn.o_proj.weight,b_vs_c,"(3584, 3584)",False,3.7626895904541016,53.256046295166016,0.0706528150738001,1.0008169412612915,10,1.8736153841018677,10.25777816772461,1.0008434057235718,"[2.7489, 1.97178, 1.0921, 0.81339, 0.51556, 0.38231, 0.33593, 0.30915]"
model.layers.4.self_attn.o_proj.weight,a_vs_b,"(3584, 3584)",False,4.67152738571167,53.256046295166016,0.08771825380765637,0.9855684638023376,18,2.9914345741271973,18.60677146911621,0.9995771646499634,"[2.70097, 2.41016, 1.73544, 1.1496, 1.03055, 0.89534, 0.79359, 0.64867]"
model.layers.4.self_attn.q_proj.bias,a_vs_c,"(3584,)",True,0.0,112.0026626586914,0.0,nan,,nan,nan,nan,
model.layers.4.self_attn.q_proj.bias,b_vs_c,"(3584,)",True,0.0,112.0026626586914,0.0,nan,,nan,nan,nan,
model.layers.4.self_attn.q_proj.bias,a_vs_b,"(3584,)",True,0.0,112.0026626586914,0.0,nan,,nan,nan,nan,
model.layers.4.self_attn.q_proj.weight,a_vs_c,"(3584, 3584)",False,2.903442621231079,64.61992645263672,0.04493107282254742,1.0004127025604248,14,1.7727839946746826,13.7620210647583,1.000481128692627,"[2.18065, 1.03183, 0.75002, 0.67964, 0.55233, 0.53883, 0.43819, 0.40936]"
model.layers.4.self_attn.q_proj.weight,b_vs_c,"(3584, 3584)",False,2.9384655952453613,64.61992645263672,0.045473056943187866,1.0003427267074585,14,1.9709426164627075,14.041415214538574,1.000409483909607,"[2.09307, 1.0122, 0.86118, 0.78419, 0.65576, 0.55814, 0.54822, 0.41499]"
model.layers.4.self_attn.q_proj.weight,a_vs_b,"(3584, 3584)",False,3.836151361465454,64.61992645263672,0.05936483639109629,0.952795147895813,23,3.377610445022583,23.65769386291504,1.000174880027771,"[2.08733, 1.92141, 1.01205, 0.96601, 0.87421, 0.77249, 0.70792, 0.6386]"
model.layers.4.self_attn.v_proj.bias,a_vs_c,"(512,)",True,0.0,1.494275450706482,0.0,nan,,nan,nan,nan,
model.layers.4.self_attn.v_proj.bias,b_vs_c,"(512,)",True,0.0,1.494275450706482,0.0,nan,,nan,nan,nan,
model.layers.4.self_attn.v_proj.bias,a_vs_b,"(512,)",True,0.0,1.494275450706482,0.0,nan,,nan,nan,nan,
model.layers.4.self_attn.v_proj.weight,a_vs_c,"(512, 3584)",False,1.0943021774291992,20.84697723388672,0.052492127043263295,0.9994083046913147,12,1.5099844932556152,11.445621490478516,0.9995637536048889,"[0.89054, 0.4363, 0.33631, 0.17767, 0.11668, 0.10931, 0.09656, 0.0884]"
model.layers.4.self_attn.v_proj.weight,b_vs_c,"(512, 3584)",False,1.0463945865631104,20.84697723388672,0.050194067697363724,0.9992901682853699,12,1.7710362672805786,12.208965301513672,0.9994605183601379,"[0.78629, 0.48139, 0.3107, 0.23354, 0.16479, 0.141, 0.10303, 0.09254]"
model.layers.4.self_attn.v_proj.weight,a_vs_b,"(512, 3584)",False,1.3723410367965698,20.84697723388672,0.06582925770964206,0.9865598678588867,18,2.772103786468506,18.89179801940918,0.999222457408905,"[0.82425, 0.7157, 0.44086, 0.38225, 0.31221, 0.25185, 0.23315, 0.15849]"
model.layers.5.input_layernorm.weight,a_vs_c,"(3584,)",True,0.0,37.02198028564453,0.0,nan,,nan,nan,nan,
model.layers.5.input_layernorm.weight,b_vs_c,"(3584,)",True,0.0,37.02198028564453,0.0,nan,,nan,nan,nan,
model.layers.5.input_layernorm.weight,a_vs_b,"(3584,)",True,0.0,37.02198028564453,0.0,nan,,nan,nan,nan,
model.layers.5.mlp.down_proj.weight,a_vs_c,"(3584, 18944)",True,0.0,131.13182067871094,0.0,nan,,nan,nan,nan,
model.layers.5.mlp.down_proj.weight,b_vs_c,"(3584, 18944)",True,0.0,131.13182067871094,0.0,nan,,nan,nan,nan,
model.layers.5.mlp.down_proj.weight,a_vs_b,"(3584, 18944)",True,0.0,131.13182067871094,0.0,nan,,nan,nan,nan,
model.layers.5.mlp.gate_proj.weight,a_vs_c,"(18944, 3584)",True,0.0,148.27220153808594,0.0,nan,,nan,nan,nan,
model.layers.5.mlp.gate_proj.weight,b_vs_c,"(18944, 3584)",True,0.0,148.27220153808594,0.0,nan,,nan,nan,nan,
model.layers.5.mlp.gate_proj.weight,a_vs_b,"(18944, 3584)",True,0.0,148.27220153808594,0.0,nan,,nan,nan,nan,
model.layers.5.mlp.up_proj.weight,a_vs_c,"(18944, 3584)",True,0.0,133.0219268798828,0.0,nan,,nan,nan,nan,
model.layers.5.mlp.up_proj.weight,b_vs_c,"(18944, 3584)",True,0.0,133.0219268798828,0.0,nan,,nan,nan,nan,
model.layers.5.mlp.up_proj.weight,a_vs_b,"(18944, 3584)",True,0.0,133.0219268798828,0.0,nan,,nan,nan,nan,
model.layers.5.post_attention_layernorm.weight,a_vs_c,"(3584,)",True,0.0,75.82816314697266,0.0,nan,,nan,nan,nan,
model.layers.5.post_attention_layernorm.weight,b_vs_c,"(3584,)",True,0.0,75.82816314697266,0.0,nan,,nan,nan,nan,
model.layers.5.post_attention_layernorm.weight,a_vs_b,"(3584,)",True,0.0,75.82816314697266,0.0,nan,,nan,nan,nan,
model.layers.5.self_attn.k_proj.bias,a_vs_c,"(512,)",True,0.0,15.040130615234375,0.0,nan,,nan,nan,nan,
model.layers.5.self_attn.k_proj.bias,b_vs_c,"(512,)",True,0.0,15.040130615234375,0.0,nan,,nan,nan,nan,
model.layers.5.self_attn.k_proj.bias,a_vs_b,"(512,)",True,0.0,15.040130615234375,0.0,nan,,nan,nan,nan,
model.layers.5.self_attn.k_proj.weight,a_vs_c,"(512, 3584)",False,1.1206945180892944,26.628040313720703,0.042087006962800454,0.9988166093826294,14,1.9849878549575806,14.36307144165039,0.9991093873977661,"[0.79544, 0.51027, 0.32838, 0.2787, 0.20787, 0.1847, 0.13018, 0.12614]"
model.layers.5.self_attn.k_proj.weight,b_vs_c,"(512, 3584)",False,1.1982901096343994,26.628040313720703,0.045001062621080425,0.9989938139915466,13,2.2505459785461426,13.250283241271973,0.999251127243042,"[0.79876, 0.67359, 0.38374, 0.24282, 0.1857, 0.13432, 0.12806, 0.11909]"
model.layers.5.self_attn.k_proj.weight,a_vs_b,"(512, 3584)",False,1.5081144571304321,26.628040313720703,0.056636329198936276,0.9770615100860596,20,3.5100746154785156,21.38458824157715,0.9989948272705078,"[0.80496, 0.71739, 0.62927, 0.44559, 0.30226, 0.28217, 0.26998, 0.22044]"
model.layers.5.self_attn.o_proj.weight,a_vs_c,"(3584, 3584)",False,3.3888099193573,53.34295654296875,0.0635287231713066,1.0008352994918823,10,1.5586401224136353,9.877254486083984,1.000868797302246,"[2.7144, 1.44273, 1.0387, 0.67172, 0.3505, 0.3048, 0.24726, 0.23825]"
model.layers.5.self_attn.o_proj.weight,b_vs_c,"(3584, 3584)",False,3.466366767883301,53.34295654296875,0.06498265174130492,1.0008481740951538,10,1.4642117023468018,10.04752254486084,1.000880241394043,"[2.86466, 1.33197, 0.9169, 0.61645, 0.55601, 0.42172, 0.31691, 0.23659]"
model.layers.5.self_attn.o_proj.weight,a_vs_b,"(3584, 3584)",False,4.299241542816162,53.34295654296875,0.08059623653130367,0.9906941652297974,16,2.6755688190460205,16.73796272277832,0.9998601675033569,"[2.62835, 2.33279, 1.47383, 1.00534, 0.94035, 0.78356, 0.63444, 0.48063]"
model.layers.5.self_attn.q_proj.bias,a_vs_c,"(3584,)",True,0.0,104.37271881103516,0.0,nan,,nan,nan,nan,
model.layers.5.self_attn.q_proj.bias,b_vs_c,"(3584,)",True,0.0,104.37271881103516,0.0,nan,,nan,nan,nan,
model.layers.5.self_attn.q_proj.bias,a_vs_b,"(3584,)",True,0.0,104.37271881103516,0.0,nan,,nan,nan,nan,
model.layers.5.self_attn.q_proj.weight,a_vs_c,"(3584, 3584)",False,3.282691478729248,63.15556335449219,0.051977867101010565,1.0008811950683594,13,1.569025993347168,12.373024940490723,1.0009336471557617,"[2.62069, 1.1465, 0.87172, 0.70117, 0.60467, 0.46477, 0.41268, 0.36298]"
model.layers.5.self_attn.q_proj.weight,b_vs_c,"(3584, 3584)",False,3.5685508251190186,63.15556335449219,0.05650414049968555,1.0010735988616943,13,1.4259469509124756,11.711921691894531,1.0011178255081177,"[2.98841, 1.12131, 0.84216, 0.75671, 0.57494, 0.51539, 0.35525, 0.32443]"
model.layers.5.self_attn.q_proj.weight,a_vs_b,"(3584, 3584)",False,4.449429035186768,63.15556335449219,0.07045189368689693,0.9757441282272339,20,2.5692954063415527,20.128629684448242,0.9998157620429993,"[2.77586, 2.38155, 1.14295, 1.02061, 0.83641, 0.74765, 0.72798, 0.69286]"
model.layers.5.self_attn.v_proj.bias,a_vs_c,"(512,)",True,0.0,1.7651327848434448,0.0,nan,,nan,nan,nan,
model.layers.5.self_attn.v_proj.bias,b_vs_c,"(512,)",True,0.0,1.7651327848434448,0.0,nan,,nan,nan,nan,
model.layers.5.self_attn.v_proj.bias,a_vs_b,"(512,)",True,0.0,1.7651327848434448,0.0,nan,,nan,nan,nan,
model.layers.5.self_attn.v_proj.weight,a_vs_c,"(512, 3584)",False,1.077231526374817,19.8283634185791,0.05432780828323204,0.9995061755180359,11,1.3791424036026,10.99268913269043,0.9996491074562073,"[0.91729, 0.38335, 0.26005, 0.19435, 0.13639, 0.11975, 0.09548, 0.07255]"
model.layers.5.self_attn.v_proj.weight,b_vs_c,"(512, 3584)",False,1.0616720914840698,19.8283634185791,0.05354310232630128,0.9994754195213318,12,1.9949724674224854,11.848613739013672,0.9996242523193359,"[0.75166, 0.51362, 0.37739, 0.25752, 0.17732, 0.12513, 0.10471, 0.09011]"
model.layers.5.self_attn.v_proj.weight,a_vs_b,"(512, 3584)",False,1.3648959398269653,19.8283634185791,0.06883553175891778,0.9883010983467102,17,2.595351457595825,18.21999168395996,0.9993304014205933,"[0.84723, 0.67115, 0.4738, 0.3578, 0.32147, 0.25162, 0.20209, 0.17624]"
model.layers.6.input_layernorm.weight,a_vs_c,"(3584,)",True,0.0,32.82505798339844,0.0,nan,,nan,nan,nan,
model.layers.6.input_layernorm.weight,b_vs_c,"(3584,)",True,0.0,32.82505798339844,0.0,nan,,nan,nan,nan,
model.layers.6.input_layernorm.weight,a_vs_b,"(3584,)",True,0.0,32.82505798339844,0.0,nan,,nan,nan,nan,
model.layers.6.mlp.down_proj.weight,a_vs_c,"(3584, 18944)",True,0.0,126.79438781738281,0.0,nan,,nan,nan,nan,
model.layers.6.mlp.down_proj.weight,b_vs_c,"(3584, 18944)",True,0.0,126.79438781738281,0.0,nan,,nan,nan,nan,
model.layers.6.mlp.down_proj.weight,a_vs_b,"(3584, 18944)",True,0.0,126.79438781738281,0.0,nan,,nan,nan,nan,
model.layers.6.mlp.gate_proj.weight,a_vs_c,"(18944, 3584)",True,0.0,150.03587341308594,0.0,nan,,nan,nan,nan,
model.layers.6.mlp.gate_proj.weight,b_vs_c,"(18944, 3584)",True,0.0,150.03587341308594,0.0,nan,,nan,nan,nan,
model.layers.6.mlp.gate_proj.weight,a_vs_b,"(18944, 3584)",True,0.0,150.03587341308594,0.0,nan,,nan,nan,nan,
model.layers.6.mlp.up_proj.weight,a_vs_c,"(18944, 3584)",True,0.0,128.8455047607422,0.0,nan,,nan,nan,nan,
model.layers.6.mlp.up_proj.weight,b_vs_c,"(18944, 3584)",True,0.0,128.8455047607422,0.0,nan,,nan,nan,nan,
model.layers.6.mlp.up_proj.weight,a_vs_b,"(18944, 3584)",True,0.0,128.8455047607422,0.0,nan,,nan,nan,nan,
model.layers.6.post_attention_layernorm.weight,a_vs_c,"(3584,)",True,0.0,42.66761779785156,0.0,nan,,nan,nan,nan,
model.layers.6.post_attention_layernorm.weight,b_vs_c,"(3584,)",True,0.0,42.66761779785156,0.0,nan,,nan,nan,nan,
model.layers.6.post_attention_layernorm.weight,a_vs_b,"(3584,)",True,0.0,42.66761779785156,0.0,nan,,nan,nan,nan,
model.layers.6.self_attn.k_proj.bias,a_vs_c,"(512,)",True,0.0,26.674694061279297,0.0,nan,,nan,nan,nan,
model.layers.6.self_attn.k_proj.bias,b_vs_c,"(512,)",True,0.0,26.674694061279297,0.0,nan,,nan,nan,nan,
model.layers.6.self_attn.k_proj.bias,a_vs_b,"(512,)",True,0.0,26.674694061279297,0.0,nan,,nan,nan,nan,
model.layers.6.self_attn.k_proj.weight,a_vs_c,"(512, 3584)",False,1.180985450744629,28.531784057617188,0.041391924471310404,0.9987346529960632,14,1.6746110916137695,13.521344184875488,0.999027669429779,"[0.91261, 0.50356, 0.32762, 0.26368, 0.15927, 0.14087, 0.12281, 0.11618]"
model.layers.6.self_attn.k_proj.weight,b_vs_c,"(512, 3584)",False,1.201911211013794,28.531784057617188,0.042125343742496095,0.998782753944397,14,1.977373719215393,13.56180477142334,0.9990658760070801,"[0.85473, 0.5919, 0.39897, 0.22909, 0.19211, 0.14836, 0.13853, 0.12187]"
model.layers.6.self_attn.k_proj.weight,a_vs_b,"(512, 3584)",False,1.506109356880188,28.531784057617188,0.05278707261483352,0.9814363121986389,19,2.9985849857330322,20.367298126220703,0.9987249374389648,"[0.86976, 0.72907, 0.54656, 0.44014, 0.37606, 0.2563, 0.22829, 0.1986]"
model.layers.6.self_attn.o_proj.weight,a_vs_c,"(3584, 3584)",False,3.6840922832489014,54.89359664916992,0.06711333394301484,1.0008028745651245,11,2.2473344802856445,10.808961868286133,1.000839114189148,"[2.45752, 2.22115, 0.93526, 0.7502, 0.61085, 0.48589, 0.41523, 0.32425]"
model.layers.6.self_attn.o_proj.weight,b_vs_c,"(3584, 3584)",False,3.498685836791992,54.89359664916992,0.0637357733936149,1.0008219480514526,11,1.6030945777893066,10.624493598937988,1.000861644744873,"[2.76328, 1.43968, 0.9753, 0.84406, 0.56024, 0.36081, 0.33983, 0.30165]"
model.layers.6.self_attn.o_proj.weight,a_vs_b,"(3584, 3584)",False,4.54487419128418,54.89359664916992,0.08279425049028748,0.9870913624763489,18,2.9972798824310303,18.366926193237305,0.9996017217636108,"[2.62517, 2.0926, 1.98135, 1.23415, 0.9533, 0.89068, 0.66207, 0.59838]"
model.layers.6.self_attn.q_proj.bias,a_vs_c,"(3584,)",True,0.0,109.74529266357422,0.0,nan,,nan,nan,nan,
model.layers.6.self_attn.q_proj.bias,b_vs_c,"(3584,)",True,0.0,109.74529266357422,0.0,nan,,nan,nan,nan,
model.layers.6.self_attn.q_proj.bias,a_vs_b,"(3584,)",True,0.0,109.74529266357422,0.0,nan,,nan,nan,nan,
model.layers.6.self_attn.q_proj.weight,a_vs_c,"(3584, 3584)",False,3.4662721157073975,64.19810485839844,0.053993371351894935,1.0008903741836548,13,1.716917872428894,12.69533634185791,1.0009363889694214,"[2.64538, 1.18028, 1.04454, 0.80404, 0.76889, 0.56387, 0.49606, 0.43209]"
model.layers.6.self_attn.q_proj.weight,b_vs_c,"(3584, 3584)",False,3.369314193725586,64.19810485839844,0.05248307876310791,1.0008738040924072,13,1.6160898208618164,12.355572700500488,1.000922679901123,"[2.65038, 1.27999, 0.88297, 0.69239, 0.63488, 0.4692, 0.40426, 0.38012]"
model.layers.6.self_attn.q_proj.weight,a_vs_b,"(3584, 3584)",False,4.53950834274292,64.19810485839844,0.07071094003095106,0.9711126685142517,22,3.195162057876587,21.292646408081055,0.9996575117111206,"[2.53958, 2.5108, 1.26113, 1.08813, 0.98959, 0.88048, 0.73914, 0.64986]"
model.layers.6.self_attn.v_proj.bias,a_vs_c,"(512,)",True,0.0,1.7207125425338745,0.0,nan,,nan,nan,nan,
model.layers.6.self_attn.v_proj.bias,b_vs_c,"(512,)",True,0.0,1.7207125425338745,0.0,nan,,nan,nan,nan,
model.layers.6.self_attn.v_proj.bias,a_vs_b,"(512,)",True,0.0,1.7207125425338745,0.0,nan,,nan,nan,nan,
model.layers.6.self_attn.v_proj.weight,a_vs_c,"(512, 3584)",False,1.0688899755477905,20.671754837036133,0.051707752146553876,0.9994140267372131,12,1.5219818353652954,11.583593368530273,0.9995602369308472,"[0.86642, 0.45451, 0.2864, 0.17464, 0.12386, 0.11188, 0.09519, 0.08035]"
model.layers.6.self_attn.v_proj.weight,b_vs_c,"(512, 3584)",False,1.100843071937561,20.671754837036133,0.053253489150580376,0.9994621872901917,11,1.3281563520431519,11.0451021194458,0.9996002316474915,"[0.95521, 0.40616, 0.17256, 0.15904, 0.15595, 0.11411, 0.10337, 0.08186]"
model.layers.6.self_attn.v_proj.weight,a_vs_b,"(512, 3584)",False,1.3767037391662598,20.671754837036133,0.06659830043551582,0.9874789714813232,18,2.3792266845703125,17.82024383544922,0.9992527365684509,"[0.89253, 0.74684, 0.41258, 0.3593, 0.26916, 0.18006, 0.15368, 0.12937]"
model.layers.7.input_layernorm.weight,a_vs_c,"(3584,)",True,0.0,38.23427963256836,0.0,nan,,nan,nan,nan,
model.layers.7.input_layernorm.weight,b_vs_c,"(3584,)",True,0.0,38.23427963256836,0.0,nan,,nan,nan,nan,
model.layers.7.input_layernorm.weight,a_vs_b,"(3584,)",True,0.0,38.23427963256836,0.0,nan,,nan,nan,nan,
model.layers.7.mlp.down_proj.weight,a_vs_c,"(3584, 18944)",True,0.0,131.74876403808594,0.0,nan,,nan,nan,nan,
model.layers.7.mlp.down_proj.weight,b_vs_c,"(3584, 18944)",True,0.0,131.74876403808594,0.0,nan,,nan,nan,nan,
model.layers.7.mlp.down_proj.weight,a_vs_b,"(3584, 18944)",True,0.0,131.74876403808594,0.0,nan,,nan,nan,nan,
model.layers.7.mlp.gate_proj.weight,a_vs_c,"(18944, 3584)",True,0.0,140.59414672851562,0.0,nan,,nan,nan,nan,
model.layers.7.mlp.gate_proj.weight,b_vs_c,"(18944, 3584)",True,0.0,140.59414672851562,0.0,nan,,nan,nan,nan,
model.layers.7.mlp.gate_proj.weight,a_vs_b,"(18944, 3584)",True,0.0,140.59414672851562,0.0,nan,,nan,nan,nan,
model.layers.7.mlp.up_proj.weight,a_vs_c,"(18944, 3584)",True,0.0,132.26878356933594,0.0,nan,,nan,nan,nan,
model.layers.7.mlp.up_proj.weight,b_vs_c,"(18944, 3584)",True,0.0,132.26878356933594,0.0,nan,,nan,nan,nan,
model.layers.7.mlp.up_proj.weight,a_vs_b,"(18944, 3584)",True,0.0,132.26878356933594,0.0,nan,,nan,nan,nan,
model.layers.7.post_attention_layernorm.weight,a_vs_c,"(3584,)",True,0.0,39.65559387207031,0.0,nan,,nan,nan,nan,
model.layers.7.post_attention_layernorm.weight,b_vs_c,"(3584,)",True,0.0,39.65559387207031,0.0,nan,,nan,nan,nan,
model.layers.7.post_attention_layernorm.weight,a_vs_b,"(3584,)",True,0.0,39.65559387207031,0.0,nan,,nan,nan,nan,
model.layers.7.self_attn.k_proj.bias,a_vs_c,"(512,)",True,0.0,23.974411010742188,0.0,nan,,nan,nan,nan,
model.layers.7.self_attn.k_proj.bias,b_vs_c,"(512,)",True,0.0,23.974411010742188,0.0,nan,,nan,nan,nan,
model.layers.7.self_attn.k_proj.bias,a_vs_b,"(512,)",True,0.0,23.974411010742188,0.0,nan,,nan,nan,nan,
model.layers.7.self_attn.k_proj.weight,a_vs_c,"(512, 3584)",False,1.2702103853225708,23.839759826660156,0.05328117374328941,0.9993398785591125,14,2.2383856773376465,13.51266860961914,0.9995158314704895,"[0.849, 0.61152, 0.4738, 0.32434, 0.2119, 0.17688, 0.14123, 0.12732]"
model.layers.7.self_attn.k_proj.weight,b_vs_c,"(512, 3584)",False,1.263290286064148,23.839759826660156,0.052990898199041514,0.9993314146995544,14,1.9966601133346558,13.527015686035156,0.9995097517967224,"[0.89403, 0.57584, 0.39826, 0.31208, 0.24496, 0.17921, 0.17133, 0.12174]"
model.layers.7.self_attn.k_proj.weight,a_vs_b,"(512, 3584)",False,1.5867646932601929,23.839759826660156,0.06655959224411748,0.9768102169036865,20,3.6255266666412354,21.053085327148438,0.9993658661842346,"[0.83335, 0.74466, 0.59795, 0.45886, 0.42307, 0.33761, 0.29377, 0.26207]"
model.layers.7.self_attn.o_proj.weight,a_vs_c,"(3584, 3584)",False,4.067041397094727,60.237518310546875,0.06751674888277454,1.0008244514465332,11,1.4797570705413818,10.452603340148926,1.0008525848388672,"[3.34336, 1.58049, 1.00614, 0.86422, 0.55125, 0.45907, 0.37794, 0.32714]"
model.layers.7.self_attn.o_proj.weight,b_vs_c,"(3584, 3584)",False,3.993212938308716,60.237518310546875,0.06629112636616624,1.0009078979492188,10,1.3210666179656982,10.16427230834961,1.0009372234344482,"[3.47424, 1.32023, 0.7838, 0.69393, 0.5216, 0.47111, 0.3735, 0.32564]"
model.layers.7.self_attn.o_proj.weight,a_vs_b,"(3584, 3584)",False,5.079781532287598,60.237518310546875,0.08432919673249865,0.9867931008338928,18,2.221450090408325,17.823667526245117,0.9994219541549683,"[3.40821, 2.61363, 1.47835, 1.16086, 0.90448, 0.80139, 0.69581, 0.56818]"
model.layers.7.self_attn.q_proj.bias,a_vs_c,"(3584,)",True,0.0,74.37349700927734,0.0,nan,,nan,nan,nan,
model.layers.7.self_attn.q_proj.bias,b_vs_c,"(3584,)",True,0.0,74.37349700927734,0.0,nan,,nan,nan,nan,
model.layers.7.self_attn.q_proj.bias,a_vs_b,"(3584,)",True,0.0,74.37349700927734,0.0,nan,,nan,nan,nan,
model.layers.7.self_attn.q_proj.weight,a_vs_c,"(3584, 3584)",False,3.476871967315674,60.82270431518555,0.057164047644090145,1.0006802082061768,14,2.054906129837036,12.90235424041748,1.0007256269454956,"[2.42545, 1.49736, 1.19733, 0.87978, 0.67606, 0.50639, 0.48738, 0.40266]"
model.layers.7.self_attn.q_proj.weight,b_vs_c,"(3584, 3584)",False,3.728053092956543,60.82270431518555,0.0612937740097453,1.0007625818252563,13,2.208814859390259,12.36405086517334,1.000801920890808,"[2.50843, 1.7706, 1.46047, 0.84477, 0.58566, 0.53717, 0.46069, 0.40302]"
model.layers.7.self_attn.q_proj.weight,a_vs_b,"(3584, 3584)",False,4.765707492828369,60.82270431518555,0.07835408744952038,0.9690048694610596,22,3.800258159637451,21.52608871459961,0.9994751214981079,"[2.44467, 2.24083, 1.66609, 1.43283, 1.3272, 1.07395, 0.91195, 0.72693]"
model.layers.7.self_attn.v_proj.bias,a_vs_c,"(512,)",True,0.0,1.204006314277649,0.0,nan,,nan,nan,nan,
model.layers.7.self_attn.v_proj.bias,b_vs_c,"(512,)",True,0.0,1.204006314277649,0.0,nan,,nan,nan,nan,
model.layers.7.self_attn.v_proj.bias,a_vs_b,"(512,)",True,0.0,1.204006314277649,0.0,nan,,nan,nan,nan,
model.layers.7.self_attn.v_proj.weight,a_vs_c,"(512, 3584)",False,1.0683106184005737,24.670991897583008,0.04330229699865594,0.9989339709281921,13,1.762515902519226,12.81110668182373,0.9991530776023865,"[0.80469, 0.51161, 0.30323, 0.17659, 0.16211, 0.15359, 0.10249, 0.09624]"
model.layers.7.self_attn.v_proj.weight,b_vs_c,"(512, 3584)",False,1.2018262147903442,24.670991897583008,0.048714142494939,0.9991963505744934,12,1.6408977508544922,11.668400764465332,0.9993699193000793,"[0.93821, 0.60344, 0.25279, 0.1942, 0.15508, 0.12939, 0.1214, 0.09504]"
model.layers.7.self_attn.v_proj.weight,a_vs_b,"(512, 3584)",False,1.4361891746520996,24.670991897583008,0.05821367785349569,0.984186589717865,19,2.778876304626465,19.154876708984375,0.9989170432090759,"[0.86154, 0.7254, 0.54024, 0.44569, 0.26571, 0.20192, 0.1801, 0.16842]"
model.layers.8.input_layernorm.weight,a_vs_c,"(3584,)",True,0.0,41.05282211303711,0.0,nan,,nan,nan,nan,
model.layers.8.input_layernorm.weight,b_vs_c,"(3584,)",True,0.0,41.05282211303711,0.0,nan,,nan,nan,nan,
model.layers.8.input_layernorm.weight,a_vs_b,"(3584,)",True,0.0,41.05282211303711,0.0,nan,,nan,nan,nan,
model.layers.8.mlp.down_proj.weight,a_vs_c,"(3584, 18944)",True,0.0,133.15432739257812,0.0,nan,,nan,nan,nan,
model.layers.8.mlp.down_proj.weight,b_vs_c,"(3584, 18944)",True,0.0,133.15432739257812,0.0,nan,,nan,nan,nan,
model.layers.8.mlp.down_proj.weight,a_vs_b,"(3584, 18944)",True,0.0,133.15432739257812,0.0,nan,,nan,nan,nan,
model.layers.8.mlp.gate_proj.weight,a_vs_c,"(18944, 3584)",True,0.0,138.09518432617188,0.0,nan,,nan,nan,nan,
model.layers.8.mlp.gate_proj.weight,b_vs_c,"(18944, 3584)",True,0.0,138.09518432617188,0.0,nan,,nan,nan,nan,
model.layers.8.mlp.gate_proj.weight,a_vs_b,"(18944, 3584)",True,0.0,138.09518432617188,0.0,nan,,nan,nan,nan,
model.layers.8.mlp.up_proj.weight,a_vs_c,"(18944, 3584)",True,0.0,134.70176696777344,0.0,nan,,nan,nan,nan,
model.layers.8.mlp.up_proj.weight,b_vs_c,"(18944, 3584)",True,0.0,134.70176696777344,0.0,nan,,nan,nan,nan,
model.layers.8.mlp.up_proj.weight,a_vs_b,"(18944, 3584)",True,0.0,134.70176696777344,0.0,nan,,nan,nan,nan,
model.layers.8.post_attention_layernorm.weight,a_vs_c,"(3584,)",True,0.0,42.855979919433594,0.0,nan,,nan,nan,nan,
model.layers.8.post_attention_layernorm.weight,b_vs_c,"(3584,)",True,0.0,42.855979919433594,0.0,nan,,nan,nan,nan,
model.layers.8.post_attention_layernorm.weight,a_vs_b,"(3584,)",True,0.0,42.855979919433594,0.0,nan,,nan,nan,nan,
model.layers.8.self_attn.k_proj.bias,a_vs_c,"(512,)",True,0.0,12.993257522583008,0.0,nan,,nan,nan,nan,
model.layers.8.self_attn.k_proj.bias,b_vs_c,"(512,)",True,0.0,12.993257522583008,0.0,nan,,nan,nan,nan,
model.layers.8.self_attn.k_proj.bias,a_vs_b,"(512,)",True,0.0,12.993257522583008,0.0,nan,,nan,nan,nan,
model.layers.8.self_attn.k_proj.weight,a_vs_c,"(512, 3584)",False,1.2062435150146484,27.27207374572754,0.04422998875190484,0.9989043474197388,14,2.3893375396728516,14.229141235351562,0.9991803765296936,"[0.78036, 0.68655, 0.31237, 0.26461, 0.24241, 0.17131, 0.14634, 0.13638]"
model.layers.8.self_attn.k_proj.weight,b_vs_c,"(512, 3584)",False,1.2562627792358398,27.27207374572754,0.04606407238953168,0.9989910125732422,14,1.8601157665252686,13.809643745422363,0.9992442727088928,"[0.92111, 0.54486, 0.38579, 0.26628, 0.24701, 0.18593, 0.16391, 0.14269]"
model.layers.8.self_attn.k_proj.weight,a_vs_b,"(512, 3584)",False,1.608827829360962,27.27207374572754,0.05899176734270169,0.975332498550415,20,3.4769039154052734,21.621057510375977,0.9990972280502319,"[0.86281, 0.72615, 0.6425, 0.51794, 0.37437, 0.29008, 0.27145, 0.23626]"
model.layers.8.self_attn.o_proj.weight,a_vs_c,"(3584, 3584)",False,3.4666740894317627,55.166683197021484,0.06283999487609095,1.000795602798462,12,1.8979880809783936,11.52787971496582,1.0008299350738525,"[2.51632, 1.51214, 1.08388, 0.96496, 0.66841, 0.47589, 0.40805, 0.35047]"
model.layers.8.self_attn.o_proj.weight,b_vs_c,"(3584, 3584)",False,3.2253804206848145,55.166683197021484,0.05846609282573212,1.0007390975952148,10,1.8047568798065186,11.061198234558105,1.0007784366607666,"[2.40089, 1.51285, 0.89685, 0.73557, 0.55328, 0.47351, 0.36772, 0.34963]"
model.layers.8.self_attn.o_proj.weight,a_vs_b,"(3584, 3584)",False,4.3640618324279785,55.166683197021484,0.0791068373068983,0.9841164946556091,19,3.3242409229278564,19.408952713012695,0.9997979998588562,"[2.39356, 2.16469, 1.5411, 1.28057, 1.08481, 0.89655, 0.77787, 0.63899]"
model.layers.8.self_attn.q_proj.bias,a_vs_c,"(3584,)",True,0.0,103.95499420166016,0.0,nan,,nan,nan,nan,
model.layers.8.self_attn.q_proj.bias,b_vs_c,"(3584,)",True,0.0,103.95499420166016,0.0,nan,,nan,nan,nan,
model.layers.8.self_attn.q_proj.bias,a_vs_b,"(3584,)",True,0.0,103.95499420166016,0.0,nan,,nan,nan,nan,
model.layers.8.self_attn.q_proj.weight,a_vs_c,"(3584, 3584)",False,3.4614930152893066,63.31094741821289,0.054674478213439695,1.0009642839431763,14,2.0084543228149414,13.291431427001953,1.0010112524032593,"[2.44249, 1.48345, 1.00845, 0.88523, 0.64877, 0.57486, 0.5224, 0.49132]"
model.layers.8.self_attn.q_proj.weight,b_vs_c,"(3584, 3584)",False,3.4427266120910645,63.31094741821289,0.05437806181211376,1.000908613204956,14,1.9736429452896118,12.593324661254883,1.0009561777114868,"[2.45058, 1.54516, 1.07927, 0.91784, 0.58941, 0.49509, 0.42967, 0.34456]"
model.layers.8.self_attn.q_proj.weight,a_vs_b,"(3584, 3584)",False,4.57951021194458,63.31094741821289,0.07233362315199181,0.9673293828964233,22,3.755697250366211,22.131834030151367,0.9996933937072754,"[2.36305, 2.24422, 1.51936, 1.33656, 1.08804, 0.96878, 0.89326, 0.72684]"
model.layers.8.self_attn.v_proj.bias,a_vs_c,"(512,)",True,0.0,1.5909477472305298,0.0,nan,,nan,nan,nan,
model.layers.8.self_attn.v_proj.bias,b_vs_c,"(512,)",True,0.0,1.5909477472305298,0.0,nan,,nan,nan,nan,
model.layers.8.self_attn.v_proj.bias,a_vs_b,"(512,)",True,0.0,1.5909477472305298,0.0,nan,,nan,nan,nan,
model.layers.8.self_attn.v_proj.weight,a_vs_c,"(512, 3584)",False,1.1881704330444336,20.603065490722656,0.05766959453579635,0.9995421767234802,12,1.5640629529953003,12.085323333740234,0.9996597766876221,"[0.95006, 0.41385, 0.34301, 0.2946, 0.17941, 0.16558, 0.14747, 0.123]"
model.layers.8.self_attn.v_proj.weight,b_vs_c,"(512, 3584)",False,1.1803539991378784,20.603065490722656,0.05729021245257796,0.9995368719100952,11,1.3692409992218018,10.958748817443848,0.9996557831764221,"[1.00872, 0.38887, 0.31679, 0.20661, 0.15343, 0.12076, 0.10803, 0.07807]"
model.layers.8.self_attn.v_proj.weight,a_vs_b,"(512, 3584)",False,1.4951361417770386,20.603065490722656,0.07256862540432552,0.9863225221633911,18,2.707756280899048,18.77251434326172,0.9994667172431946,"[0.90861, 0.83877, 0.41849, 0.35492, 0.29843, 0.2777, 0.24286, 0.19097]"
model.layers.9.input_layernorm.weight,a_vs_c,"(3584,)",True,0.0,46.153350830078125,0.0,nan,,nan,nan,nan,
model.layers.9.input_layernorm.weight,b_vs_c,"(3584,)",True,0.0,46.153350830078125,0.0,nan,,nan,nan,nan,
model.layers.9.input_layernorm.weight,a_vs_b,"(3584,)",True,0.0,46.153350830078125,0.0,nan,,nan,nan,nan,
model.layers.9.mlp.down_proj.weight,a_vs_c,"(3584, 18944)",True,0.0,122.42724609375,0.0,nan,,nan,nan,nan,
model.layers.9.mlp.down_proj.weight,b_vs_c,"(3584, 18944)",True,0.0,122.42724609375,0.0,nan,,nan,nan,nan,
model.layers.9.mlp.down_proj.weight,a_vs_b,"(3584, 18944)",True,0.0,122.42724609375,0.0,nan,,nan,nan,nan,
model.layers.9.mlp.gate_proj.weight,a_vs_c,"(18944, 3584)",True,0.0,151.28085327148438,0.0,nan,,nan,nan,nan,
model.layers.9.mlp.gate_proj.weight,b_vs_c,"(18944, 3584)",True,0.0,151.28085327148438,0.0,nan,,nan,nan,nan,
model.layers.9.mlp.gate_proj.weight,a_vs_b,"(18944, 3584)",True,0.0,151.28085327148438,0.0,nan,,nan,nan,nan,
model.layers.9.mlp.up_proj.weight,a_vs_c,"(18944, 3584)",True,0.0,124.10502624511719,0.0,nan,,nan,nan,nan,
model.layers.9.mlp.up_proj.weight,b_vs_c,"(18944, 3584)",True,0.0,124.10502624511719,0.0,nan,,nan,nan,nan,
model.layers.9.mlp.up_proj.weight,a_vs_b,"(18944, 3584)",True,0.0,124.10502624511719,0.0,nan,,nan,nan,nan,
model.layers.9.post_attention_layernorm.weight,a_vs_c,"(3584,)",True,0.0,65.56195831298828,0.0,nan,,nan,nan,nan,
model.layers.9.post_attention_layernorm.weight,b_vs_c,"(3584,)",True,0.0,65.56195831298828,0.0,nan,,nan,nan,nan,
model.layers.9.post_attention_layernorm.weight,a_vs_b,"(3584,)",True,0.0,65.56195831298828,0.0,nan,,nan,nan,nan,
model.layers.9.self_attn.k_proj.bias,a_vs_c,"(512,)",True,0.0,17.135297775268555,0.0,nan,,nan,nan,nan,
model.layers.9.self_attn.k_proj.bias,b_vs_c,"(512,)",True,0.0,17.135297775268555,0.0,nan,,nan,nan,nan,
model.layers.9.self_attn.k_proj.bias,a_vs_b,"(512,)",True,0.0,17.135297775268555,0.0,nan,,nan,nan,nan,
model.layers.9.self_attn.k_proj.weight,a_vs_c,"(512, 3584)",False,1.3314831256866455,23.261804580688477,0.05723902980390517,0.9994440078735352,13,2.779812812805176,13.97176456451416,0.9996254444122314,"[0.7986, 0.6184, 0.52669, 0.39794, 0.30099, 0.25666, 0.22375, 0.16377]"
model.layers.9.self_attn.k_proj.weight,b_vs_c,"(512, 3584)",False,1.2485321760177612,23.261804580688477,0.053673057551788986,0.9993622303009033,14,3.337096929550171,14.288616180419922,0.9995688199996948,"[0.68346, 0.58419, 0.57027, 0.37624, 0.29477, 0.23062, 0.19648, 0.1627]"
model.layers.9.self_attn.k_proj.weight,a_vs_b,"(512, 3584)",False,1.63479483127594,23.261804580688477,0.07027807432588942,0.9694821238517761,21,4.920525074005127,23.12248420715332,0.9994699358940125,"[0.73698, 0.67192, 0.56665, 0.52002, 0.48789, 0.43936, 0.37053, 0.32544]"
model.layers.9.self_attn.o_proj.weight,a_vs_c,"(3584, 3584)",False,3.4809417724609375,60.389625549316406,0.057641386923624346,1.000917673110962,12,1.8265753984451294,11.496011734008789,1.0009608268737793,"[2.5756, 1.80583, 0.82774, 0.63313, 0.51344, 0.47736, 0.40204, 0.31813]"
model.layers.9.self_attn.o_proj.weight,b_vs_c,"(3584, 3584)",False,3.340697765350342,60.389625549316406,0.0553190673888548,1.0009018182754517,13,1.7327213287353516,11.696810722351074,1.0009500980377197,"[2.53789, 1.62654, 0.85946, 0.51596, 0.50237, 0.41518, 0.35343, 0.33334]"
model.layers.9.self_attn.o_proj.weight,a_vs_b,"(3584, 3584)",False,4.273674011230469,60.389625549316406,0.07076834758215926,0.9792627096176147,20,3.509673833847046,19.878311157226562,0.9999412298202515,"[2.28122, 2.13858, 1.89435, 1.24822, 0.85157, 0.66507, 0.607, 0.5229]"
model.layers.9.self_attn.q_proj.bias,a_vs_c,"(3584,)",True,0.0,74.325439453125,0.0,nan,,nan,nan,nan,
model.layers.9.self_attn.q_proj.bias,b_vs_c,"(3584,)",True,0.0,74.325439453125,0.0,nan,,nan,nan,nan,
model.layers.9.self_attn.q_proj.bias,a_vs_b,"(3584,)",True,0.0,74.325439453125,0.0,nan,,nan,nan,nan,
model.layers.9.self_attn.q_proj.weight,a_vs_c,"(3584, 3584)",False,3.301842212677002,58.596195220947266,0.05634908888242359,1.0005837678909302,14,2.6231870651245117,13.66283130645752,1.0006372928619385,"[2.03865, 1.41742, 1.24715, 0.98197, 0.76704, 0.6395, 0.5216, 0.48101]"
model.layers.9.self_attn.q_proj.weight,b_vs_c,"(3584, 3584)",False,3.2866551876068115,58.596195220947266,0.05608990780397771,1.000614881515503,14,2.556856870651245,13.602201461791992,1.0006684064865112,"[2.05542, 1.47124, 1.13895, 0.85003, 0.8176, 0.65901, 0.59341, 0.53156]"
model.layers.9.self_attn.q_proj.weight,a_vs_b,"(3584, 3584)",False,4.322288990020752,58.596195220947266,0.07376398712788093,0.9560256600379944,23,4.7524094581604,23.59075927734375,0.9997686743736267,"[1.9827, 1.85324, 1.42416, 1.36898, 1.19424, 1.03498, 0.89397, 0.82148]"
model.layers.9.self_attn.v_proj.bias,a_vs_c,"(512,)",True,0.0,1.849244475364685,0.0,nan,,nan,nan,nan,
model.layers.9.self_attn.v_proj.bias,b_vs_c,"(512,)",True,0.0,1.849244475364685,0.0,nan,,nan,nan,nan,
model.layers.9.self_attn.v_proj.bias,a_vs_b,"(512,)",True,0.0,1.849244475364685,0.0,nan,,nan,nan,nan,
model.layers.9.self_attn.v_proj.weight,a_vs_c,"(512, 3584)",False,1.0341298580169678,24.755931854248047,0.041773012791660034,0.9988434910774231,12,1.715604543685913,12.387056350708008,0.9990674257278442,"[0.78953, 0.43032, 0.34639, 0.23957, 0.16099, 0.11371, 0.10248, 0.08518]"
model.layers.9.self_attn.v_proj.weight,b_vs_c,"(512, 3584)",False,0.983439028263092,24.755931854248047,0.03972538921391225,0.9986905455589294,13,2.0513296127319336,12.966988563537598,0.9989383220672607,"[0.68664, 0.49707, 0.32231, 0.2194, 0.16493, 0.1369, 0.11838, 0.08627]"
model.layers.9.self_attn.v_proj.weight,a_vs_b,"(512, 3584)",False,1.281075119972229,24.755931854248047,0.05174820836939734,0.9836912155151367,19,3.0860421657562256,19.962888717651367,0.9985717535018921,"[0.72925, 0.58649, 0.47321, 0.38828, 0.32472, 0.2843, 0.22495, 0.1815]"
model.norm.weight,a_vs_c,"(3584,)",True,0.0,233.3655242919922,0.0,nan,,nan,nan,nan,
model.norm.weight,b_vs_c,"(3584,)",True,0.0,233.3655242919922,0.0,nan,,nan,nan,nan,
model.norm.weight,a_vs_b,"(3584,)",True,0.0,233.3655242919922,0.0,nan,,nan,nan,nan,
